query_id,query,product_id,esci_label
352,.5 lead b ain,B00MIIFX8G,S
352,.5 lead b ain,B07X8Z2819,S
352,.5 lead b ain,B076J92WQG,S
352,.5 lead b ain,B01HODH9QI,E
352,.5 lead b ain,B017Q9VRIQ,E
352,.5 lead b ain,B00PQY8XRC,E
352,.5 lead b ain,B00NSNM9QE,S
352,.5 lead b ain,B00N99GWZ6,S
352,.5 lead b ain,B004NNKF0K,S
352,.5 lead b ain,B008JF3RLC,E
352,.5 lead b ain,B004NNPWL2,S
352,.5 lead b ain,B004EHYH2M,E
352,.5 lead b ain,B004EHYH18,S
352,.5 lead b ain,B004EHYH0Y,E
352,.5 lead b ain,B001TQDTOS,S
352,.5 lead b ain,B00006IEGK,S
354,.50 cc syringe without needle,B08M63N2FV,S
354,.50 cc syringe without needle,B07P25XH8Z,E
354,.50 cc syringe without needle,B08DWLNLXH,S
354,.50 cc syringe without needle,B089M8VJC6,S
354,.50 cc syringe without needle,B07SFK6Z5J,S
354,.50 cc syringe without needle,B07QJZMN51,S
354,.50 cc syringe without needle,B07PY77BHF,E
354,.50 cc syringe without needle,B07GX4RJF3,S
354,.50 cc syringe without needle,B00OAC21Y2,S
354,.50 cc syringe without needle,B07BQDRDC2,S
354,.50 cc syringe without needle,B01N7IJXO5,S
354,.50 cc syringe without needle,B01N01TO2O,E
354,.50 cc syringe without needle,B01JJYYWH4,S
354,.50 cc syringe without needle,B013WWFJX0,S
354,.50 cc syringe without needle,B00Z7MQBA4,I
354,.50 cc syringe without needle,B07GGQP7CQ,S
410,0-3 month swimsuit boy,B084RHK3MJ,I
410,0-3 month swimsuit boy,B084VQX59P,E
410,0-3 month swimsuit boy,B085B7CKBY,E
410,0-3 month swimsuit boy,B085XW3T4X,E
410,0-3 month swimsuit boy,B0881L23PH,I
410,0-3 month swimsuit boy,B089STT34R,E
410,0-3 month swimsuit boy,B08BBGZ3R1,E
410,0-3 month swimsuit boy,B08F31D14Z,E
410,0-3 month swimsuit boy,B08QW7KX8J,I
410,0-3 month swimsuit boy,B08QVGKXT6,E
410,0-3 month swimsuit boy,B08QW5MTZF,E
410,0-3 month swimsuit boy,B08TQ9VY85,E
410,0-3 month swimsuit boy,B08Y9F397W,E
410,0-3 month swimsuit boy,B08ZS9C4L3,E
410,0-3 month swimsuit boy,B091NTVR65,E
410,0-3 month swimsuit boy,B09286KJ2P,E
410,0-3 month swimsuit boy,B084L6Q5F2,E
410,0-3 month swimsuit boy,B08HVXWMYZ,E
410,0-3 month swimsuit boy,B083DGRRT8,E
410,0-3 month swimsuit boy,B092RDCYKG,E
410,0-3 month swimsuit boy,B07TY2H3YG,S
410,0-3 month swimsuit boy,B082V45PHM,E
410,0-3 month swimsuit boy,B018782L08,E
410,0-3 month swimsuit boy,B01JRE98RU,E
410,0-3 month swimsuit boy,B01MFENFJU,E
410,0-3 month swimsuit boy,B06Y6983YB,E
410,0-3 month swimsuit boy,B072JW2CHP,E
410,0-3 month swimsuit boy,B07DH5WH3Z,S
410,0-3 month swimsuit boy,B07GKML5FD,I
410,0-3 month swimsuit boy,B07GT576Q5,I
410,0-3 month swimsuit boy,B075B4MQFK,E
410,0-3 month swimsuit boy,B07MC9KS1M,E
410,0-3 month swimsuit boy,B07L9997GT,I
410,0-3 month swimsuit boy,B07T3C2SYM,E
410,0-3 month swimsuit boy,B07SK59BB4,E
410,0-3 month swimsuit boy,B07S91D13B,E
410,0-3 month swimsuit boy,B07T66YBNR,E
410,0-3 month swimsuit boy,B07R8G9B63,I
410,0-3 month swimsuit boy,B07MT8LZ9N,E
410,0-3 month swimsuit boy,B07S4DMJGZ,E
450,0.5cc syringe without needle,B08QFGYYPH,E
450,0.5cc syringe without needle,B08L1KD91R,E
450,0.5cc syringe without needle,B08FFR6L7K,S
450,0.5cc syringe without needle,B07SFK6Z5J,S
450,0.5cc syringe without needle,B07S8YF6KK,E
450,0.5cc syringe without needle,B07QM74NWG,S
450,0.5cc syringe without needle,B07PY77BHF,S
450,0.5cc syringe without needle,B07P26ZY8C,E
450,0.5cc syringe without needle,B07P25XH8Z,S
450,0.5cc syringe without needle,B07JZ2HMJ7,I
450,0.5cc syringe without needle,B07GX4RJF3,S
450,0.5cc syringe without needle,B07C71C1LH,S
450,0.5cc syringe without needle,B07BQFTHMQ,I
450,0.5cc syringe without needle,B07BQDRDC2,E
450,0.5cc syringe without needle,B01MQYE9RO,E
450,0.5cc syringe without needle,B01LX9TPC8,I
646,1 20 volt extension cord no it's not what i,B07JVK9HXR,E
646,1 20 volt extension cord no it's not what i,B07QC4X29H,I
646,1 20 volt extension cord no it's not what i,B07QTFDFX3,I
646,1 20 volt extension cord no it's not what i,B07VDHS3VN,I
646,1 20 volt extension cord no it's not what i,B07VVKSYCZ,S
646,1 20 volt extension cord no it's not what i,B07W6V633S,I
646,1 20 volt extension cord no it's not what i,B0857FXK2F,I
646,1 20 volt extension cord no it's not what i,B08G7Y4GTP,I
646,1 20 volt extension cord no it's not what i,B08CXL1CGB,S
646,1 20 volt extension cord no it's not what i,B08GFY6MXX,E
646,1 20 volt extension cord no it's not what i,B08GK2P4SD,S
646,1 20 volt extension cord no it's not what i,B08Q3P52M1,I
646,1 20 volt extension cord no it's not what i,B08M5KT852,I
646,1 20 volt extension cord no it's not what i,B07HNWKS3S,I
646,1 20 volt extension cord no it's not what i,B08CNH6H1H,I
646,1 20 volt extension cord no it's not what i,B07GJYCKCY,I
646,1 20 volt extension cord no it's not what i,B00G8WLX14,I
646,1 20 volt extension cord no it's not what i,B075DJTYQF,I
646,1 20 volt extension cord no it's not what i,B079PZ4HC9,I
646,1 20 volt extension cord no it's not what i,B00004SQF4,E
646,1 20 volt extension cord no it's not what i,B00LH3DMUO,I
646,1 20 volt extension cord no it's not what i,B00P68L9RO,E
646,1 20 volt extension cord no it's not what i,B00UJV3E12,I
646,1 20 volt extension cord no it's not what i,B015CFUEC6,I
646,1 20 volt extension cord no it's not what i,B00MNV8E0C,I
646,1 20 volt extension cord no it's not what i,B019P9ZGGO,I
646,1 20 volt extension cord no it's not what i,B01ECMRFTA,I
646,1 20 volt extension cord no it's not what i,B06XRFD9YK,S
646,1 20 volt extension cord no it's not what i,B073FDJ4NY,S
646,1 20 volt extension cord no it's not what i,B073ZDH43X,E
646,1 20 volt extension cord no it's not what i,B074759VVG,E
646,1 20 volt extension cord no it's not what i,B019H3MI6E,I
649,1 3/4 inch tooled belt strap without belt buckle,B07CCZTF3S,E
649,1 3/4 inch tooled belt strap without belt buckle,B07LDXN1R6,S
649,1 3/4 inch tooled belt strap without belt buckle,B07CZ2MYGQ,S
649,1 3/4 inch tooled belt strap without belt buckle,B07D927P8V,S
649,1 3/4 inch tooled belt strap without belt buckle,B08SWH3CRT,I
649,1 3/4 inch tooled belt strap without belt buckle,B07G3GKGHS,E
649,1 3/4 inch tooled belt strap without belt buckle,B07JHDH3X1,S
649,1 3/4 inch tooled belt strap without belt buckle,B07TKDVS17,I
649,1 3/4 inch tooled belt strap without belt buckle,B083LCNZPY,S
649,1 3/4 inch tooled belt strap without belt buckle,B07W4NKR1M,S
649,1 3/4 inch tooled belt strap without belt buckle,B07Y8SSTLW,E
649,1 3/4 inch tooled belt strap without belt buckle,B0829C2JXJ,E
649,1 3/4 inch tooled belt strap without belt buckle,B084PB28BP,E
649,1 3/4 inch tooled belt strap without belt buckle,B087L2THP1,I
649,1 3/4 inch tooled belt strap without belt buckle,B087L75913,S
649,1 3/4 inch tooled belt strap without belt buckle,B08KY9PMDF,S
649,1 3/4 inch tooled belt strap without belt buckle,B079GCV2JL,E
649,1 3/4 inch tooled belt strap without belt buckle,B07TLLH93Y,S
649,1 3/4 inch tooled belt strap without belt buckle,B01N56K44G,E
649,1 3/4 inch tooled belt strap without belt buckle,B07D92TZ1F,I
649,1 3/4 inch tooled belt strap without belt buckle,B06Y3GXDSK,I
649,1 3/4 inch tooled belt strap without belt buckle,B00BUAEY9W,I
649,1 3/4 inch tooled belt strap without belt buckle,B00FTGCWJ2,S
649,1 3/4 inch tooled belt strap without belt buckle,B00G12YPAM,I
649,1 3/4 inch tooled belt strap without belt buckle,B00GHZHG9U,S
649,1 3/4 inch tooled belt strap without belt buckle,B00HPBYA1W,S
649,1 3/4 inch tooled belt strap without belt buckle,B00J40VLI2,S
649,1 3/4 inch tooled belt strap without belt buckle,B00K7SPCHQ,S
649,1 3/4 inch tooled belt strap without belt buckle,B00LEWI0Q4,S
649,1 3/4 inch tooled belt strap without belt buckle,B00LEWJTNC,S
649,1 3/4 inch tooled belt strap without belt buckle,B01LYNF5BF,S
649,1 3/4 inch tooled belt strap without belt buckle,B00LG2JRQ4,S
649,1 3/4 inch tooled belt strap without belt buckle,B00LNKAPHE,S
649,1 3/4 inch tooled belt strap without belt buckle,B00MYJZT60,S
649,1 3/4 inch tooled belt strap without belt buckle,B00O19RYE6,E
649,1 3/4 inch tooled belt strap without belt buckle,B00O19SQV6,E
649,1 3/4 inch tooled belt strap without belt buckle,B013GXUN9K,E
649,1 3/4 inch tooled belt strap without belt buckle,B01C3GZJ4A,I
649,1 3/4 inch tooled belt strap without belt buckle,B01LXG207I,S
649,1 3/4 inch tooled belt strap without belt buckle,B00LEWM54W,S
778,1 inch mending plate,B07KVY3HJP,S
778,1 inch mending plate,B08GPCS3CN,S
778,1 inch mending plate,B08GBYJFBW,S
778,1 inch mending plate,B0891QBMBP,E
778,1 inch mending plate,B081Q1YHCY,S
778,1 inch mending plate,B07S29W525,S
778,1 inch mending plate,B07KVQFBZ5,S
778,1 inch mending plate,B08N6X576D,I
778,1 inch mending plate,B07D8QMLPR,S
778,1 inch mending plate,B00J9Q101E,E
778,1 inch mending plate,B012GWTM4Y,E
778,1 inch mending plate,B01HCJWXCY,S
778,1 inch mending plate,B07K9YHMCD,S
778,1 inch mending plate,B072F6SL2T,S
778,1 inch mending plate,B07CNQH21G,E
778,1 inch mending plate,B01NATPEM8,S
865,1 pocket folder without prongs,B07JQ58TVM,C
865,1 pocket folder without prongs,B078G7N8P1,C
865,1 pocket folder without prongs,B078H137BK,E
865,1 pocket folder without prongs,B078KF7VVS,S
865,1 pocket folder without prongs,B079VX1DMM,I
865,1 pocket folder without prongs,B077BJ7PGP,E
865,1 pocket folder without prongs,B07DXCJGPB,E
865,1 pocket folder without prongs,B07K8XVD11,S
865,1 pocket folder without prongs,B07Y46F4Y4,I
865,1 pocket folder without prongs,B07PKXS921,E
865,1 pocket folder without prongs,B07T87W72Q,E
865,1 pocket folder without prongs,B074C6DNZ7,I
865,1 pocket folder without prongs,B07ZQM19H4,E
865,1 pocket folder without prongs,B07ZQM67HW,S
865,1 pocket folder without prongs,B0838CBL6Z,E
865,1 pocket folder without prongs,B084P977G8,S
865,1 pocket folder without prongs,B093DKCPKB,E
865,1 pocket folder without prongs,B07PFX9BFN,S
865,1 pocket folder without prongs,B0738RCCLR,I
865,1 pocket folder without prongs,B07B2C9PGW,S
865,1 pocket folder without prongs,B0738Q175B,S
865,1 pocket folder without prongs,B0738R1F53,E
865,1 pocket folder without prongs,B0000AQOGD,S
865,1 pocket folder without prongs,B000DZ9XGO,I
865,1 pocket folder without prongs,B003U6N2HY,E
865,1 pocket folder without prongs,B004Q9VHPI,E
865,1 pocket folder without prongs,B004Q9ZA0Q,E
865,1 pocket folder without prongs,B006J5AM4O,C
865,1 pocket folder without prongs,B00SI18GFY,E
865,1 pocket folder without prongs,B00V5DG6IQ,I
865,1 pocket folder without prongs,B075332F51,E
865,1 pocket folder without prongs,B01E0E8FCQ,E
865,1 pocket folder without prongs,B0722L14L3,E
865,1 pocket folder without prongs,B071CN31TC,S
865,1 pocket folder without prongs,B06Y1YQD66,S
865,1 pocket folder without prongs,B01E0E8364,E
865,1 pocket folder without prongs,B01MTUKXQA,E
865,1 pocket folder without prongs,B01LYHE49W,I
865,1 pocket folder without prongs,B01LQUXIVK,S
865,1 pocket folder without prongs,B01NBEJO97,S
1125,1/4 sheet pan without sides,B07G5ZNRHY,I
1125,1/4 sheet pan without sides,B07GRC1D3L,S
1125,1/4 sheet pan without sides,B07J67RMVL,I
1125,1/4 sheet pan without sides,B07JQ398MH,S
1125,1/4 sheet pan without sides,B07NNQ4G96,S
1125,1/4 sheet pan without sides,B07P958JVN,E
1125,1/4 sheet pan without sides,B07PQKF3HL,E
1125,1/4 sheet pan without sides,B07THW5K6M,S
1125,1/4 sheet pan without sides,B088KRST5R,E
1125,1/4 sheet pan without sides,B081376BG2,S
1125,1/4 sheet pan without sides,B083FF8SCQ,S
1125,1/4 sheet pan without sides,B088P7DLH4,S
1125,1/4 sheet pan without sides,B089GMQYBR,E
1125,1/4 sheet pan without sides,B08C4YY69X,S
1125,1/4 sheet pan without sides,B08V521K1J,S
1125,1/4 sheet pan without sides,B08YDQJK6F,S
1125,1/4 sheet pan without sides,B07DXF7CVL,S
1125,1/4 sheet pan without sides,B07XKS53QM,S
1125,1/4 sheet pan without sides,B07CQCJTQQ,S
1125,1/4 sheet pan without sides,B07GLM3XR6,I
1125,1/4 sheet pan without sides,B07C1XX7NH,E
1125,1/4 sheet pan without sides,B0000VMFCU,I
1125,1/4 sheet pan without sides,B000BWI45K,E
1125,1/4 sheet pan without sides,B000RYPHRK,I
1125,1/4 sheet pan without sides,B001D1F2DA,E
1125,1/4 sheet pan without sides,B0049C2S32,E
1125,1/4 sheet pan without sides,B008BUKO6G,S
1125,1/4 sheet pan without sides,B009LA107W,S
1125,1/4 sheet pan without sides,B01DR6ZN0K,E
1125,1/4 sheet pan without sides,B01GRKRLKS,S
1125,1/4 sheet pan without sides,B00008UA3Z,E
1125,1/4 sheet pan without sides,B01MZ12W6U,S
1125,1/4 sheet pan without sides,B01IS02O9S,I
1125,1/4 sheet pan without sides,B078NJRJ7T,E
1125,1/4 sheet pan without sides,B078JG1KSP,E
1125,1/4 sheet pan without sides,B07CM7KZN5,E
1125,1/4 sheet pan without sides,B0771K9P15,S
1125,1/4 sheet pan without sides,B06XZZ3P6F,S
1125,1/4 sheet pan without sides,B06X9KLW1P,I
1125,1/4 sheet pan without sides,B077BVFDMF,E
1718,11 year old girl gifts,B07GZ7V24W,E
1718,11 year old girl gifts,B07G3KD83R,E
1718,11 year old girl gifts,B07RQ8X82K,S
1718,11 year old girl gifts,B07QM55KD2,S
1718,11 year old girl gifts,B07D9DN5WC,S
1718,11 year old girl gifts,1492670022,S
1718,11 year old girl gifts,B075F6JNTP,I
1718,11 year old girl gifts,B01N1SKZI8,E
1718,11 year old girl gifts,B005K0B8WO,E
1718,11 year old girl gifts,B076PRWVFG,S
2048,13 x 6 lace front wig 613 curly,B07VTN3FWX,E
2048,13 x 6 lace front wig 613 curly,B088JWZF8J,E
2048,13 x 6 lace front wig 613 curly,B085Y6Q3YG,E
2048,13 x 6 lace front wig 613 curly,B085G78WBC,S
2048,13 x 6 lace front wig 613 curly,B084TM3YS8,S
2048,13 x 6 lace front wig 613 curly,B07Y524191,S
2048,13 x 6 lace front wig 613 curly,B07W3R2PV4,E
2048,13 x 6 lace front wig 613 curly,B07VNF4QPL,S
2048,13 x 6 lace front wig 613 curly,B07HBHNLP4,S
2048,13 x 6 lace front wig 613 curly,B07S7PPMGK,S
2048,13 x 6 lace front wig 613 curly,B07S71KQY1,E
2048,13 x 6 lace front wig 613 curly,B07RNN6BBQ,E
2048,13 x 6 lace front wig 613 curly,B07Q1L13BC,S
2048,13 x 6 lace front wig 613 curly,B07P6TTP2Q,S
2048,13 x 6 lace front wig 613 curly,B07MXTS75L,S
2048,13 x 6 lace front wig 613 curly,B07V85FMRL,S
2821,20 x 40 pillow,B07X2HQZGJ,E
2821,20 x 40 pillow,B07WH1ZSDG,S
2821,20 x 40 pillow,B07VFNJL3S,S
2821,20 x 40 pillow,B07S9WXLRN,S
2821,20 x 40 pillow,B07TDNHPV6,S
2821,20 x 40 pillow,B07XB31N9G,C
2821,20 x 40 pillow,B07RXHPLWK,S
2821,20 x 40 pillow,B07TPS8MNJ,S
2821,20 x 40 pillow,B07YDMFY7D,S
2821,20 x 40 pillow,B08H7XJ55Q,E
2821,20 x 40 pillow,B08CV6NY7K,E
2821,20 x 40 pillow,B08FRDQQW7,S
2821,20 x 40 pillow,B08K3DQGDH,S
2821,20 x 40 pillow,B08LZ9BQVV,S
2821,20 x 40 pillow,B08NCXBPG4,C
2821,20 x 40 pillow,B08S38GVCF,E
2821,20 x 40 pillow,B09BB5P8TL,S
2821,20 x 40 pillow,B07N7GDB6Q,S
2821,20 x 40 pillow,B086X6W1VF,S
2821,20 x 40 pillow,B08XMK3227,S
2821,20 x 40 pillow,B07MJPNZWW,S
2821,20 x 40 pillow,B07GZNX4M1,E
2821,20 x 40 pillow,B07JLPSSRY,S
2821,20 x 40 pillow,B011CHO6K4,C
2821,20 x 40 pillow,B0150IDS0K,S
2821,20 x 40 pillow,B0150IDSCS,I
2821,20 x 40 pillow,B01LWMULMG,S
2821,20 x 40 pillow,B01LYNW421,S
2821,20 x 40 pillow,B06ZZC6KY1,S
2821,20 x 40 pillow,B0736YM33H,S
2821,20 x 40 pillow,B06XCYVWDZ,S
2821,20 x 40 pillow,B073V2M5K7,S
2821,20 x 40 pillow,B074N3DMHM,S
2821,20 x 40 pillow,B077BMYJ9T,S
2821,20 x 40 pillow,B077Y8CC8Z,S
2821,20 x 40 pillow,B078RWVYJF,S
2821,20 x 40 pillow,B07C2J85SJ,S
2821,20 x 40 pillow,B07D8SWVWR,S
2821,20 x 40 pillow,B07F1H29FG,S
2821,20 x 40 pillow,B073SC93H9,I
4795,5v white led,B07RZZHJS7,E
4795,5v white led,B07SZMBPFT,E
4795,5v white led,B07T5K4M8B,I
4795,5v white led,B07V6TB2QF,E
4795,5v white led,B0882KJCG7,E
4795,5v white led,B0893WV22S,E
4795,5v white led,B08G48CK6W,S
4795,5v white led,B08G4X23BR,S
4795,5v white led,B08LZK1668,E
4795,5v white led,B08H271XNZ,E
4795,5v white led,B08L36HXY3,S
4795,5v white led,B08X1LK54Z,E
4795,5v white led,B092CYBXRV,I
4795,5v white led,B095LJFWJQ,E
4795,5v white led,B0962RBQC9,E
4795,5v white led,B09BFKL6KL,E
4795,5v white led,B07QDM2X1C,E
4795,5v white led,B08G4XCQSW,I
4795,5v white led,B07PRSP3K3,E
4795,5v white led,B07PVVL2S6,E
4795,5v white led,B07FVPN3PH,S
4795,5v white led,B00MHLIFO8,E
4795,5v white led,B00UWBJM0Q,S
4795,5v white led,B013U338OI,S
4795,5v white led,B015R87GQK,E
4795,5v white led,B016RFHI7Y,E
4795,5v white led,B01AUI4VQU,S
4795,5v white led,B01CI5P4B4,S
4795,5v white led,B01D2CUNQ8,S
4795,5v white led,B01G572CAW,E
4795,5v white led,B00HSF65MC,E
4795,5v white led,B073QMYKDM,S
4795,5v white led,B01IN4ZH16,E
4795,5v white led,B07FQDT1VV,S
4795,5v white led,B07DYWC9YT,E
4795,5v white led,B07P5MYG1X,E
4795,5v white led,B07DVFRH42,S
4795,5v white led,B07CW6R1CY,E
4795,5v white led,B075R4X1XL,S
4795,5v white led,B07DWR671V,S
5109,7 month old baby toys,B06WLQG5CP,E
5109,7 month old baby toys,B07NXDJ52C,E
5109,7 month old baby toys,B07FLMNQRG,E
5109,7 month old baby toys,B07FLB1NMS,E
5109,7 month old baby toys,B077H5G2Q3,E
5109,7 month old baby toys,B071YCHDX1,E
5109,7 month old baby toys,B071LQQHPZ,E
5109,7 month old baby toys,B01M1YKAT9,E
5109,7 month old baby toys,B0053X62GK,E
5109,7 month old baby toys,B019ICGA3Q,E
5109,7 month old baby toys,B00X0XGSVY,E
5109,7 month old baby toys,B00I3K25R0,E
5109,7 month old baby toys,B00DSIQS6G,S
5109,7 month old baby toys,B004AHMCMI,E
5109,7 month old baby toys,B00005C5H4,E
5109,7 month old baby toys,B01D2TC31Y,E
5424,8x6.5 dually wheels,B07QVX1Z3H,E
5424,8x6.5 dually wheels,B088PF36WW,C
5424,8x6.5 dually wheels,B081MXFLS9,C
5424,8x6.5 dually wheels,B07STTC9GL,C
5424,8x6.5 dually wheels,B07SSW4PMD,I
5424,8x6.5 dually wheels,B07SPVRYBW,E
5424,8x6.5 dually wheels,B07SPHJ9XZ,E
5424,8x6.5 dually wheels,B07QQ4H739,E
5424,8x6.5 dually wheels,B004IPP9RM,I
5424,8x6.5 dually wheels,B01M0G7S3M,I
5424,8x6.5 dually wheels,B01J0XCZBE,C
5424,8x6.5 dually wheels,B01FCTR8I0,C
5424,8x6.5 dually wheels,B0181QD204,C
5424,8x6.5 dually wheels,B00D6N3KY6,E
5424,8x6.5 dually wheels,B0087SDHIY,I
5424,8x6.5 dually wheels,B07LH54ML9,E
5506,90s cartoon movies,B01CIV3YBA,S
5506,90s cartoon movies,B07MJRNP6V,E
5506,90s cartoon movies,B075DQDTZS,S
5506,90s cartoon movies,B06VY19XFP,E
5506,90s cartoon movies,B07T3NQ9L8,E
5506,90s cartoon movies,B01G7UJIVI,S
5506,90s cartoon movies,B00GHVP6TG,E
5506,90s cartoon movies,B07XWMNSYB,E
5506,90s cartoon movies,B00CTNYLS8,E
5506,90s cartoon movies,B00G8P27PM,S
5506,90s cartoon movies,B0007Y08OM,S
5506,90s cartoon movies,B0007Z9R5W,S
5506,90s cartoon movies,B01M672XNI,E
5506,90s cartoon movies,B003MXB4FC,E
5506,90s cartoon movies,B001ILFUD2,E
5506,90s cartoon movies,B007QGNR24,E
5515,90x132 gold satin tablecloth,B07D1HM5JS,S
5515,90x132 gold satin tablecloth,B07FVFB8LD,S
5515,90x132 gold satin tablecloth,B07FVSW685,S
5515,90x132 gold satin tablecloth,B07Q4S2PDL,S
5515,90x132 gold satin tablecloth,B07R4279MX,S
5515,90x132 gold satin tablecloth,B07S2TT3FK,E
5515,90x132 gold satin tablecloth,B07SD9WMV8,S
5515,90x132 gold satin tablecloth,B07SZLL75F,S
5515,90x132 gold satin tablecloth,B07XLHM7XL,S
5515,90x132 gold satin tablecloth,B07V8SJYRD,S
5515,90x132 gold satin tablecloth,B078YJ2NDS,S
5515,90x132 gold satin tablecloth,B07YBR3R4X,S
5515,90x132 gold satin tablecloth,B081N2TY95,S
5515,90x132 gold satin tablecloth,B08B6265YY,E
5515,90x132 gold satin tablecloth,B08FC86381,S
5515,90x132 gold satin tablecloth,B08PKV69Z2,S
5515,90x132 gold satin tablecloth,B092JRYX8M,E
5515,90x132 gold satin tablecloth,B07V27WF9C,I
5515,90x132 gold satin tablecloth,B078T33D6Q,S
5515,90x132 gold satin tablecloth,B07RXVY6GR,S
5515,90x132 gold satin tablecloth,B074HPM45D,E
5515,90x132 gold satin tablecloth,B077SVK4MH,S
5515,90x132 gold satin tablecloth,B005EMQWB0,S
5515,90x132 gold satin tablecloth,B006Z2N0HW,E
5515,90x132 gold satin tablecloth,B008TLJVSE,S
5515,90x132 gold satin tablecloth,B008TLK692,S
5515,90x132 gold satin tablecloth,B00OMCO63Y,S
5515,90x132 gold satin tablecloth,B019D4YRAC,S
5515,90x132 gold satin tablecloth,B019XX054A,S
5515,90x132 gold satin tablecloth,B01FU28H5W,S
5515,90x132 gold satin tablecloth,B00OMZE5GE,S
5515,90x132 gold satin tablecloth,B01LYBWTI0,E
5515,90x132 gold satin tablecloth,B01M5DYAYF,S
5515,90x132 gold satin tablecloth,B01MAWE10D,S
5515,90x132 gold satin tablecloth,B01N5DB4CS,S
5515,90x132 gold satin tablecloth,B01NBIK9N5,E
5515,90x132 gold satin tablecloth,B071CG145P,S
5515,90x132 gold satin tablecloth,B071X63TD8,S
5515,90x132 gold satin tablecloth,B01IK01XWA,S
5515,90x132 gold satin tablecloth,B072JZWP7P,S
5937,a. d. justice,B07PPBG9YV,E
5937,a. d. justice,B088C4FD5D,E
5937,a. d. justice,B0883VKTV4,I
5937,a. d. justice,B0848NFFD7,E
5937,a. d. justice,B07VFXCGJ7,E
5937,a. d. justice,B07S83NFQ2,E
5937,a. d. justice,B07Q81R5P8,S
5937,a. d. justice,B078R8XKQV,E
5937,a. d. justice,B077WWSQNS,E
5937,a. d. justice,B01N4UYGXY,E
5937,a. d. justice,B01HAFHJN8,E
5937,a. d. justice,B0104JM1S0,E
5937,a. d. justice,B00O746SC4,E
5937,a. d. justice,B00M3FU9BA,E
5937,a. d. justice,B00JTGDP12,E
5937,a. d. justice,B00H0736OS,E
6093,abraham hicks calendar,1730841023,S
6093,abraham hicks calendar,B084Q94ZQD,S
6093,abraham hicks calendar,B07L274WXW,I
6093,abraham hicks calendar,B07HDVGQDZ,I
6093,abraham hicks calendar,B00N4HB6HW,E
6093,abraham hicks calendar,B000VLHL6O,I
6093,abraham hicks calendar,1602374864,S
6093,abraham hicks calendar,1795221348,S
6093,abraham hicks calendar,1537336967,S
6093,abraham hicks calendar,1535037849,S
6093,abraham hicks calendar,1401953336,S
6093,abraham hicks calendar,1401949819,S
6093,abraham hicks calendar,140191053X,E
6093,abraham hicks calendar,1070426989,S
6093,abraham hicks calendar,099147533X,I
6093,abraham hicks calendar,1561706124,I
6601,adesso bell arc floor lamp,B00R70B01O,S
6601,adesso bell arc floor lamp,B00WJ1LO3K,S
6601,adesso bell arc floor lamp,B00M23CSU8,S
6601,adesso bell arc floor lamp,B078WLPC5Y,E
6601,adesso bell arc floor lamp,B079G4ZBJ7,E
6601,adesso bell arc floor lamp,B078WK1JG7,E
6601,adesso bell arc floor lamp,B00IJJQ57Q,E
6601,adesso bell arc floor lamp,B076KWB1X9,S
6601,adesso bell arc floor lamp,B0092SJSFE,S
6601,adesso bell arc floor lamp,B007RM4I20,E
6601,adesso bell arc floor lamp,B007RM4EQ0,E
6601,adesso bell arc floor lamp,B00C5KDN0M,S
6601,adesso bell arc floor lamp,B0035492OS,S
6601,adesso bell arc floor lamp,B0019CII6Q,S
6601,adesso bell arc floor lamp,B000PRLQPQ,S
7194,agustible rash guard women,B07P851PLV,S
7194,agustible rash guard women,B07NWPJPSF,E
7194,agustible rash guard women,B07MQ7CW7Q,S
7194,agustible rash guard women,B07KWX3F76,S
7194,agustible rash guard women,B07KQ22KKB,S
7194,agustible rash guard women,B07DLRHBV9,S
7194,agustible rash guard women,B078X3ZFF2,S
7194,agustible rash guard women,B077779DTN,S
7194,agustible rash guard women,B073ZYG9HV,S
7194,agustible rash guard women,B01DZAA02Y,E
7194,agustible rash guard women,B004I44KQ4,S
7194,agustible rash guard women,B0778DT2MT,S
8369,altimaker 3d printer,B07MK5W8M7,S
8369,altimaker 3d printer,B07RY6NSL8,S
8369,altimaker 3d printer,B07DPBRCYZ,S
8369,altimaker 3d printer,B076BLQWHY,S
8369,altimaker 3d printer,B073MRVXN5,S
8369,altimaker 3d printer,B01M3Y1YMZ,E
8369,altimaker 3d printer,B01LZSUQKL,S
8369,altimaker 3d printer,B07GV5GLLC,S
8369,altimaker 3d printer,B01JB5GV0W,S
8369,altimaker 3d printer,B01FL49VZE,S
8369,altimaker 3d printer,B018GZBC3Y,S
8369,altimaker 3d printer,B016R9E7J2,S
8369,altimaker 3d printer,B00NA00MWS,S
8369,altimaker 3d printer,B00JRBQJ6W,S
8369,altimaker 3d printer,B00I8NM6JO,S
8369,altimaker 3d printer,B01LNADH8M,S
8510,amazon basics iphone case xs white,B07XQRTC6F,I
8510,amazon basics iphone case xs white,B07W6MTJWM,I
8510,amazon basics iphone case xs white,B07W4FMQ5Y,S
8510,amazon basics iphone case xs white,B07Q2X2JZ3,S
8510,amazon basics iphone case xs white,B07K1YFVR2,S
8510,amazon basics iphone case xs white,B07H9WB7C9,S
8510,amazon basics iphone case xs white,B07H9PDLRF,I
8510,amazon basics iphone case xs white,B07SLR5FGT,E
8510,amazon basics iphone case xs white,B07GZLTHN8,S
8510,amazon basics iphone case xs white,B07GBGNKX3,S
8510,amazon basics iphone case xs white,B07FPJQD2V,S
8510,amazon basics iphone case xs white,B07DFS8VH2,S
8510,amazon basics iphone case xs white,B07DC9SBLQ,I
8510,amazon basics iphone case xs white,B074CMMCZM,S
8510,amazon basics iphone case xs white,B00Z7ST060,S
8510,amazon basics iphone case xs white,B07GZN36KP,S
9112,angela winbush cd,B01N6WS03S,E
9112,angela winbush cd,B002GO0IWS,E
9112,angela winbush cd,B01G99XLFQ,E
9112,angela winbush cd,B00FZ0TVHI,E
9112,angela winbush cd,B006QISXY0,S
9112,angela winbush cd,B006LB0HJG,S
9112,angela winbush cd,B0056H4QO8,S
9112,angela winbush cd,B0045Z6P00,S
9112,angela winbush cd,B00008F0PG,E
9112,angela winbush cd,B00005HFWB,E
9112,angela winbush cd,B000056PQJ,E
9112,angela winbush cd,B000002HER,E
9112,angela winbush cd,B000001FQM,E
9112,angela winbush cd,B000001FMV,E
9112,angela winbush cd,B000001EU7,E
9112,angela winbush cd,B00007MB2A,E
9214,anime eye mask,B08BZW3F2M,I
9214,anime eye mask,B0888Q6WVY,E
9214,anime eye mask,B086X5P9D3,E
9214,anime eye mask,B0829YWDC4,E
9214,anime eye mask,B07S1WWLMT,S
9214,anime eye mask,B07L854R28,E
9214,anime eye mask,B07JZCTWZB,E
9214,anime eye mask,B07RR2YMFK,S
9214,anime eye mask,B07FXYBMZQ,S
9214,anime eye mask,B073TW2G86,I
9214,anime eye mask,B0732X8PD8,S
9214,anime eye mask,B072LX1WFM,S
9214,anime eye mask,B01IH685F0,E
9214,anime eye mask,B011VEMFLA,E
9214,anime eye mask,B07FY77C8N,E
9214,anime eye mask,B07HH7T42Q,S
9724,apple iphone 11 pro unlocked,B081TJFVCJ,S
9724,apple iphone 11 pro unlocked,B07ZQRL9XY,E
9724,apple iphone 11 pro unlocked,B07ZPKR714,I
9724,apple iphone 11 pro unlocked,B07Z4681LQ,I
9724,apple iphone 11 pro unlocked,B07XSRG2BZ,S
9724,apple iphone 11 pro unlocked,B07XSR733W,I
9724,apple iphone 11 pro unlocked,B07TK6SPQK,S
9724,apple iphone 11 pro unlocked,B082MDD4BD,C
9724,apple iphone 11 pro unlocked,B07PBCJWJ4,S
9724,apple iphone 11 pro unlocked,B07K3CJQ1F,S
9724,apple iphone 11 pro unlocked,B0775H5HJW,S
9724,apple iphone 11 pro unlocked,B077578W38,S
9724,apple iphone 11 pro unlocked,B07756XHL4,S
9724,apple iphone 11 pro unlocked,B07756QYST,S
9724,apple iphone 11 pro unlocked,B07754YL4M,S
9724,apple iphone 11 pro unlocked,B07TJBCC7H,S
10480,art of problem solving number theory solution,B07VX8DKW4,S
10480,art of problem solving number theory solution,B07VSHVBVB,E
10480,art of problem solving number theory solution,B00CAYLGFW,S
10480,art of problem solving number theory solution,B0083CM4JM,S
10480,art of problem solving number theory solution,B0083CDT00,S
10480,art of problem solving number theory solution,B0083C8ZNG,E
10480,art of problem solving number theory solution,B0083C7A64,S
10480,art of problem solving number theory solution,B0083C89NW,S
10480,art of problem solving number theory solution,1934124141,S
10480,art of problem solving number theory solution,1683730755,S
10480,art of problem solving number theory solution,1441488871,S
10480,art of problem solving number theory solution,0977304574,S
10480,art of problem solving number theory solution,0977304566,S
10480,art of problem solving number theory solution,0977304558,E
10480,art of problem solving number theory solution,0471789011,S
10480,art of problem solving number theory solution,B007HQ9BZ0,E
10568,artificial roses without stems,B08SBT7Q58,I
10568,artificial roses without stems,B08TG6ZCN2,I
10568,artificial roses without stems,B08X26WWJD,E
10568,artificial roses without stems,B08XX1SC6H,E
10568,artificial roses without stems,B08XX2FJVF,E
10568,artificial roses without stems,B08Z3CZVJY,E
10568,artificial roses without stems,B08Z3GHCTF,E
10568,artificial roses without stems,B091DV74HH,I
10568,artificial roses without stems,B0928BNCFF,E
10568,artificial roses without stems,B092HG5SCL,E
10568,artificial roses without stems,B096FY18D9,E
10568,artificial roses without stems,B096SCQDPV,E
10568,artificial roses without stems,B0977CPMRZ,S
10568,artificial roses without stems,B097BCHTJJ,S
10568,artificial roses without stems,B098JQWZ6H,I
10568,artificial roses without stems,B0995K4S6Z,E
10568,artificial roses without stems,B09B72C3NL,I
10568,artificial roses without stems,B09GY3YWW5,I
10568,artificial roses without stems,B08QRW4RH8,I
10568,artificial roses without stems,B08PC57G6R,S
10568,artificial roses without stems,B097CV777N,E
10568,artificial roses without stems,B08LPMYRP7,E
10568,artificial roses without stems,B07BLR3LC5,E
10568,artificial roses without stems,B07DCXXHY5,E
10568,artificial roses without stems,B07JJ2VR14,E
10568,artificial roses without stems,B07K1BXL2Q,S
10568,artificial roses without stems,B07M6BV4LQ,E
10568,artificial roses without stems,B07N2C1R2K,E
10568,artificial roses without stems,B07Q41ZP29,E
10568,artificial roses without stems,B07RYT4F69,S
10568,artificial roses without stems,B07M9JD1JW,E
10568,artificial roses without stems,B07VBDDCS1,E
10568,artificial roses without stems,B08L5MK9WZ,I
10568,artificial roses without stems,B07TYMGBZ6,E
10568,artificial roses without stems,B0878L2PZL,I
10568,artificial roses without stems,B082PF367L,I
10568,artificial roses without stems,B08HJXW4H8,S
10568,artificial roses without stems,B07YHHBGD2,E
10568,artificial roses without stems,B07X2P9KMC,S
10568,artificial roses without stems,B07WFJW17R,I
10568,artificial roses without stems,B08LVH4CV7,E
10864,asus predator monitor,B083Z8JXW6,S
10864,asus predator monitor,B09B8WLYGD,E
10864,asus predator monitor,B08GL66PK4,S
10864,asus predator monitor,B087GCFMS1,E
10864,asus predator monitor,B084F3T553,S
10864,asus predator monitor,B0845QFDVM,S
10864,asus predator monitor,B0845NXCXF,S
10864,asus predator monitor,B07X5MWMDG,S
10864,asus predator monitor,B01JGYM5H6,S
10864,asus predator monitor,B07WDLV344,S
10864,asus predator monitor,B07VTTZ4TD,S
10864,asus predator monitor,B07TNM8L6S,S
10864,asus predator monitor,B07D377Q6D,S
10864,asus predator monitor,B075RHSR4H,S
10864,asus predator monitor,B06ZXZ3QBD,E
10864,asus predator monitor,B07WQ4FXY9,S
11517,awesome edible kids crafts,B07VN75JFC,I
11517,awesome edible kids crafts,B07HCRZ21N,I
11517,awesome edible kids crafts,B07H9D7FTL,S
11517,awesome edible kids crafts,B07G4YM5GQ,I
11517,awesome edible kids crafts,B07CW89T3F,S
11517,awesome edible kids crafts,B07C2YPYBM,I
11517,awesome edible kids crafts,B077HJBXB4,I
11517,awesome edible kids crafts,B07KFBQN8K,I
11517,awesome edible kids crafts,B073PT7SWP,I
11517,awesome edible kids crafts,B018HSB7GW,I
11517,awesome edible kids crafts,1939754984,I
11517,awesome edible kids crafts,1631591150,S
11517,awesome edible kids crafts,162414750X,E
11517,awesome edible kids crafts,1624145582,S
11517,awesome edible kids crafts,1592539254,S
11517,awesome edible kids crafts,B075B1CXYL,I
11993,baby girl shorts,B07KD2V9F7,E
11993,baby girl shorts,B07SYJGF2H,S
11993,baby girl shorts,B07SPYWK2T,S
11993,baby girl shorts,B07QNQLMKP,E
11993,baby girl shorts,B07T1BCRNN,S
11993,baby girl shorts,B07P6ZKJVG,E
11993,baby girl shorts,B07HL42186,E
11993,baby girl shorts,B07PQQGBF5,S
11993,baby girl shorts,B07GNZ328Q,E
11993,baby girl shorts,B07212HQ7Y,S
11993,baby girl shorts,B073WNJYXT,E
11993,baby girl shorts,B075WT35PF,S
11993,baby girl shorts,B07H5YVHFB,E
11993,baby girl shorts,B079YBNW1P,I
11993,baby girl shorts,B07FNCBLQW,S
11993,baby girl shorts,B076C18C8F,E
12051,baby long sleeve onesies,B07CY4443G,E
12051,baby long sleeve onesies,B07Q4QPS3M,E
12051,baby long sleeve onesies,B07GFPVS2M,S
12051,baby long sleeve onesies,B07GF9T9JJ,E
12051,baby long sleeve onesies,B07G1FRWKN,E
12051,baby long sleeve onesies,B081DHZ16K,E
12051,baby long sleeve onesies,B07961JYWP,I
12051,baby long sleeve onesies,B07FK9S1F1,E
12051,baby long sleeve onesies,B075YZ1963,E
12051,baby long sleeve onesies,B071FG62P8,E
12051,baby long sleeve onesies,B06WD642X2,E
12051,baby long sleeve onesies,B01MRE7ABF,E
12051,baby long sleeve onesies,B01MRE55Z0,E
12051,baby long sleeve onesies,B01MG8MVHS,E
12051,baby long sleeve onesies,B00X228BRC,E
12051,baby long sleeve onesies,B0792GX9RC,E
12103,baby pink cardstock 5x7,B0849ZCYFL,E
12103,baby pink cardstock 5x7,B083K8RD31,S
12103,baby pink cardstock 5x7,B07WTBBHG7,S
12103,baby pink cardstock 5x7,B07FTG9WV9,S
12103,baby pink cardstock 5x7,B07D8Q32D9,E
12103,baby pink cardstock 5x7,B07D2BMDW7,S
12103,baby pink cardstock 5x7,B07BPRBL51,S
12103,baby pink cardstock 5x7,B07CWN87MX,E
12103,baby pink cardstock 5x7,B075DMJMMZ,S
12103,baby pink cardstock 5x7,B0743G2NCG,S
12103,baby pink cardstock 5x7,B06Y3Z88N1,E
12103,baby pink cardstock 5x7,B01GK6KNKO,S
12103,baby pink cardstock 5x7,B010TP1WCU,E
12103,baby pink cardstock 5x7,B00RS4EHIW,E
12103,baby pink cardstock 5x7,B007GDYQZY,S
12103,baby pink cardstock 5x7,B077XNGDY1,E
14499,bed frames without headboard,B08SCLB9DT,S
14499,bed frames without headboard,B08XNRRGL4,I
14499,bed frames without headboard,B08XNWSWFK,E
14499,bed frames without headboard,B08XPN96MG,I
14499,bed frames without headboard,B08YN8HFSG,S
14499,bed frames without headboard,B08ZYPMWBF,I
14499,bed frames without headboard,B091J44FFD,I
14499,bed frames without headboard,B094N19HCS,S
14499,bed frames without headboard,B098QWZK2K,S
14499,bed frames without headboard,B097PFCWHH,S
14499,bed frames without headboard,B098NYFQCL,E
14499,bed frames without headboard,B08H1FPBCN,I
14499,bed frames without headboard,B09BN7QP8P,I
14499,bed frames without headboard,B09BQJRBNP,S
14499,bed frames without headboard,B09C8MJ6P7,S
14499,bed frames without headboard,B09CTK6R4P,S
14499,bed frames without headboard,B09GFV4C64,S
14499,bed frames without headboard,B095W8WQJQ,S
14499,bed frames without headboard,B08B8B8MCF,E
14499,bed frames without headboard,B08ZD3G44G,E
14499,bed frames without headboard,B08B7R3LFK,S
14499,bed frames without headboard,B08B889NGC,S
14499,bed frames without headboard,B00R6OX5IM,S
14499,bed frames without headboard,B00W4DCVLW,I
14499,bed frames without headboard,B01B8GQCB0,S
14499,bed frames without headboard,B01KGRAG14,E
14499,bed frames without headboard,B01LXM1HEK,E
14499,bed frames without headboard,B01LZQGBWB,S
14499,bed frames without headboard,B01N8OFYP2,E
14499,bed frames without headboard,B06WVPD4CS,E
14499,bed frames without headboard,B01M7M9NXX,S
14499,bed frames without headboard,B072LFJTFJ,E
14499,bed frames without headboard,B08B5XM4LR,E
14499,bed frames without headboard,B06ZYJDHMV,E
14499,bed frames without headboard,B08569KN5F,S
14499,bed frames without headboard,B07MK5NZSY,E
14499,bed frames without headboard,B085VR15DZ,E
14499,bed frames without headboard,B075V9FVMX,S
14499,bed frames without headboard,B074Q41LZV,E
14499,bed frames without headboard,B0788TG3SJ,S
15568,big and tall printed t shirts for men,B07Q42DXG9,E
15568,big and tall printed t shirts for men,B07Q342SZ8,E
15568,big and tall printed t shirts for men,B07NWZLRX9,S
15568,big and tall printed t shirts for men,B07MKKRM74,S
15568,big and tall printed t shirts for men,B07M5HDXK4,S
15568,big and tall printed t shirts for men,B07M61KYVF,S
15568,big and tall printed t shirts for men,B07Q79F2YN,S
15568,big and tall printed t shirts for men,B07LB3D1S9,E
15568,big and tall printed t shirts for men,B07KVHTXQZ,E
15568,big and tall printed t shirts for men,B07KMWVH37,E
15568,big and tall printed t shirts for men,B07M8NX6YB,E
15568,big and tall printed t shirts for men,B07S5QX4C3,S
15568,big and tall printed t shirts for men,B07Z7BXD8Q,E
15568,big and tall printed t shirts for men,B07XVY1LJ2,S
15568,big and tall printed t shirts for men,B07YKV8VYD,I
15568,big and tall printed t shirts for men,B081TT8YRY,E
15568,big and tall printed t shirts for men,B082DYJF2Z,E
15568,big and tall printed t shirts for men,B088D641Y6,E
15568,big and tall printed t shirts for men,B089T7R1FZ,E
15568,big and tall printed t shirts for men,B08LGBC6TW,E
15568,big and tall printed t shirts for men,B08LNZ3TKD,S
15568,big and tall printed t shirts for men,B08QSMKF9D,E
15568,big and tall printed t shirts for men,B08R1DX6LM,I
15568,big and tall printed t shirts for men,B09CL1LKHJ,E
15568,big and tall printed t shirts for men,B07HRF65C7,S
15568,big and tall printed t shirts for men,B07VT74QXZ,E
15568,big and tall printed t shirts for men,B07HRCFGK3,E
15568,big and tall printed t shirts for men,B07G4NG6GH,E
15568,big and tall printed t shirts for men,B013H2P3KY,E
15568,big and tall printed t shirts for men,B07HDSMJBG,E
15568,big and tall printed t shirts for men,B002G9UCFG,S
15568,big and tall printed t shirts for men,B007FPOWUC,E
15568,big and tall printed t shirts for men,B00B6EDXG2,S
15568,big and tall printed t shirts for men,B00E1YQX8E,S
15568,big and tall printed t shirts for men,B00KBZPQ5S,I
15568,big and tall printed t shirts for men,B00KBZSRZ4,I
15568,big and tall printed t shirts for men,B00T7TWEPE,S
15568,big and tall printed t shirts for men,B00W9MUDWC,S
15568,big and tall printed t shirts for men,B0102776NY,S
15568,big and tall printed t shirts for men,B01BXGMJ62,S
15568,big and tall printed t shirts for men,B01EKB44O2,E
15568,big and tall printed t shirts for men,B01EKB6GFW,E
15568,big and tall printed t shirts for men,B01LB72TA4,E
15568,big and tall printed t shirts for men,B06Y35112K,E
15568,big and tall printed t shirts for men,B072FQ2N5V,S
15568,big and tall printed t shirts for men,B0754LQ7PW,E
15568,big and tall printed t shirts for men,B075M3HVZ1,E
15568,big and tall printed t shirts for men,B07611NJB7,S
15568,big and tall printed t shirts for men,B07683ZG3R,S
15568,big and tall printed t shirts for men,B076X7FP54,S
15568,big and tall printed t shirts for men,B0778TLRZV,E
15568,big and tall printed t shirts for men,B07815JCFZ,S
15568,big and tall printed t shirts for men,B078LC7GCX,E
15568,big and tall printed t shirts for men,B07FKG573Q,E
15568,big and tall printed t shirts for men,B01LB72DZU,E
15658,big mama barbecue sources,B07ZQQX6N5,S
15658,big mama barbecue sources,B07ZCNWBDM,S
15658,big mama barbecue sources,B07H14G9B4,S
15658,big mama barbecue sources,B079VRYH32,E
15658,big mama barbecue sources,B0763ZVVVD,S
15658,big mama barbecue sources,B06XK39VSS,S
15658,big mama barbecue sources,B01BMYXU3Q,S
15658,big mama barbecue sources,B07DQ6GT7G,S
15658,big mama barbecue sources,B00FSY0Q84,S
15658,big mama barbecue sources,B00CRPZI9O,S
15658,big mama barbecue sources,B00C9K3QNC,S
15658,big mama barbecue sources,B007RJ0EBM,S
15658,big mama barbecue sources,B005QBG7BE,E
15658,big mama barbecue sources,B00258I5PM,S
15658,big mama barbecue sources,054401846X,I
15658,big mama barbecue sources,B01ASW3GOQ,S
15716,big&j deer attractant,B07VKF5XT4,E
15716,big&j deer attractant,B07PHZTY5D,E
15716,big&j deer attractant,B07QY57T28,S
15716,big&j deer attractant,B07R7X1DDX,S
15716,big&j deer attractant,B07R91Z4HB,S
15716,big&j deer attractant,B07RJ24W9J,S
15716,big&j deer attractant,B07VGBCMNP,S
15716,big&j deer attractant,B07WYHHZDL,S
15716,big&j deer attractant,B073V7SXK8,S
15716,big&j deer attractant,B07X8YHDT9,E
15716,big&j deer attractant,B07XB2YXSL,E
15716,big&j deer attractant,B08DWY598V,E
15716,big&j deer attractant,B08HHG142K,E
15716,big&j deer attractant,B08JQMYPP2,E
15716,big&j deer attractant,B08X14R4YC,S
15716,big&j deer attractant,B093QJK3FH,E
15716,big&j deer attractant,B0993N1FV9,E
15716,big&j deer attractant,B07WZQ4H4H,S
15716,big&j deer attractant,B072YYTZBN,S
15716,big&j deer attractant,B088LTLPXZ,S
15716,big&j deer attractant,B01EYJQI7Q,S
15716,big&j deer attractant,B0000AVXQ1,S
15716,big&j deer attractant,B0006A4BSG,S
15716,big&j deer attractant,B000HHNZ94,S
15716,big&j deer attractant,B001GKNJEC,S
15716,big&j deer attractant,B002PUS6R2,C
15716,big&j deer attractant,B003SGEKD6,S
15716,big&j deer attractant,B004BFVMWU,E
15716,big&j deer attractant,B00CJJA7R6,E
15716,big&j deer attractant,B00CJJA83Y,S
15716,big&j deer attractant,B071J52YBT,S
15716,big&j deer attractant,B00LDYMQHW,S
15716,big&j deer attractant,B01BE8GUMI,I
15716,big&j deer attractant,B013CAT1KO,E
15716,big&j deer attractant,B011CRIVD2,E
15716,big&j deer attractant,B01CUJMVFA,S
15716,big&j deer attractant,B00U430J0E,S
15716,big&j deer attractant,B00HEFPD88,S
15716,big&j deer attractant,B00LDYMRHQ,S
15716,big&j deer attractant,B00V3VUM0I,E
16310,black and white dishes farmhouse,B07SQQ61PJ,C
16310,black and white dishes farmhouse,B08BZ34CTL,I
16310,black and white dishes farmhouse,B08BXMY1Y5,I
16310,black and white dishes farmhouse,B089SZ15KF,I
16310,black and white dishes farmhouse,B084GN73Y7,I
16310,black and white dishes farmhouse,B07XKXB9VF,S
16310,black and white dishes farmhouse,B07WHYWHG4,E
16310,black and white dishes farmhouse,B07SPGXX6R,C
16310,black and white dishes farmhouse,B01N9X6S2D,I
16310,black and white dishes farmhouse,B07FR53WPM,E
16310,black and white dishes farmhouse,B078N34SK3,S
16310,black and white dishes farmhouse,B075HC2XN2,C
16310,black and white dishes farmhouse,B071ZM52SZ,C
16310,black and white dishes farmhouse,B06ZXY7DHW,I
16310,black and white dishes farmhouse,B01MXKIN3Y,E
16310,black and white dishes farmhouse,B07NGJ3LP4,I
16688,black nvg mount,B07MB9VBL8,C
16688,black nvg mount,B082WSGKN3,E
16688,black nvg mount,B07SQQBXCB,I
16688,black nvg mount,B07RWRBV6H,C
16688,black nvg mount,B07QL4YQ1L,C
16688,black nvg mount,B07MNLD6C2,S
16688,black nvg mount,B07MNFGXRY,C
16688,black nvg mount,B07K561GGK,C
16688,black nvg mount,B07C26TJ45,C
16688,black nvg mount,B07DBXJH83,E
16688,black nvg mount,B078RJXBY7,C
16688,black nvg mount,B01GPCOOLW,E
16688,black nvg mount,B019381NNW,S
16688,black nvg mount,B0148HV4WI,S
16688,black nvg mount,B004TDPQUI,I
16688,black nvg mount,B07FRLW7GS,C
16802,black shoes for big girls size 4,B07MJH4PYW,I
16802,black shoes for big girls size 4,B07W4179SW,I
16802,black shoes for big girls size 4,B07V3457DL,E
16802,black shoes for big girls size 4,B07SLMQXX7,S
16802,black shoes for big girls size 4,B07NM2192Z,E
16802,black shoes for big girls size 4,B07LB4PJ4Y,E
16802,black shoes for big girls size 4,B07D9GY4LH,I
16802,black shoes for big girls size 4,B07KTCMVKL,I
16802,black shoes for big girls size 4,B07KGRMZHT,E
16802,black shoes for big girls size 4,B0749JQKNH,I
16802,black shoes for big girls size 4,B01HEXGCFC,I
16802,black shoes for big girls size 4,B0014BYH62,I
16802,black shoes for big girls size 4,B07L9SR5GZ,E
16827,black solar night camera with recording,B081GV7TXR,S
16827,black solar night camera with recording,B07YWW1TJT,S
16827,black solar night camera with recording,B07T98T32T,E
16827,black solar night camera with recording,B07SFYLGYH,S
16827,black solar night camera with recording,B07PN244FZ,S
16827,black solar night camera with recording,B07CYNM43R,E
16827,black solar night camera with recording,B07BH3RJ38,E
16827,black solar night camera with recording,B0817PJ7ZD,E
16827,black solar night camera with recording,B0793P7B6K,E
16827,black solar night camera with recording,B074WZM5Q6,S
16827,black solar night camera with recording,B073GYT97G,S
16827,black solar night camera with recording,B00U8U6Z0Q,E
16827,black solar night camera with recording,B00LWZ6RX6,S
16827,black solar night camera with recording,B00K16554Y,E
16827,black solar night camera with recording,B00ELJVSIO,E
16827,black solar night camera with recording,B0797RGTRL,S
17502,blue uniform vest,B07DQ84RCP,S
17502,blue uniform vest,B07CG69NPM,S
17502,blue uniform vest,B07BDRDJ8B,E
17502,blue uniform vest,B079FW5BV4,S
17502,blue uniform vest,B077H36J53,S
17502,blue uniform vest,B076P7VL3L,E
17502,blue uniform vest,B076C3Q48C,S
17502,blue uniform vest,B07JD9FS72,S
17502,blue uniform vest,B01L87HA74,E
17502,blue uniform vest,B01F48T4Q8,S
17502,blue uniform vest,B01DWNIL0C,S
17502,blue uniform vest,B01DWNI2HY,S
17502,blue uniform vest,B00S92CJUU,S
17502,blue uniform vest,B002TQ4RQ6,S
17502,blue uniform vest,B00246CUTC,S
17502,blue uniform vest,B01N211BCY,S
17889,body camera with audio recording wearable necklace,B07R5TV9KK,E
17889,body camera with audio recording wearable necklace,B08JH6JTMR,S
17889,body camera with audio recording wearable necklace,B091FPFWH3,S
17889,body camera with audio recording wearable necklace,B07ZM19Y9H,E
17889,body camera with audio recording wearable necklace,B07XTPN52L,S
17889,body camera with audio recording wearable necklace,B07STT3RC5,S
17889,body camera with audio recording wearable necklace,B07S7Q19ZL,S
17889,body camera with audio recording wearable necklace,B07RT4M9WF,E
17889,body camera with audio recording wearable necklace,B07QR8HJSC,S
17889,body camera with audio recording wearable necklace,B08LZ3W93N,S
17889,body camera with audio recording wearable necklace,B07K478BZ4,S
17889,body camera with audio recording wearable necklace,B07HN8G6J5,E
17889,body camera with audio recording wearable necklace,B07GRRLCYS,S
17889,body camera with audio recording wearable necklace,B07F2MV9ZR,I
17889,body camera with audio recording wearable necklace,B075PFGT15,E
17889,body camera with audio recording wearable necklace,B015DRQSDW,E
17889,body camera with audio recording wearable necklace,B082PV4KCH,E
17889,body camera with audio recording wearable necklace,B07MVMYRZK,E
18300,booby tape,B07YN36YSG,E
18300,booby tape,B07Y4ZJ75X,E
18300,booby tape,B07XCPT5T6,E
18300,booby tape,B07WTZV9L2,E
18300,booby tape,B07WTZPPPR,E
18300,booby tape,B07WRVYY8H,E
18300,booby tape,B07TXPNQVG,S
18300,booby tape,B082C1CPD7,E
18300,booby tape,B07Q3CNG46,S
18300,booby tape,B07MBZP4MJ,E
18300,booby tape,B07G26VKGZ,S
18300,booby tape,B072KVC4Z4,S
18300,booby tape,B0197JCDGI,E
18300,booby tape,B00T4PKEEY,E
18300,booby tape,B00AR4BLWA,S
18300,booby tape,B07QZQRX15,S
18982,bowie knife tactical compss,B073WM9GFV,S
18982,bowie knife tactical compss,B07DGR6SNF,S
18982,bowie knife tactical compss,B07BH63BJ6,E
18982,bowie knife tactical compss,B079YWD7RD,S
18982,bowie knife tactical compss,B079Y88XQ1,E
18982,bowie knife tactical compss,B074CGPSD3,S
18982,bowie knife tactical compss,B07SGXQH2W,S
18982,bowie knife tactical compss,B06WP7HFRN,S
18982,bowie knife tactical compss,B0156LJ4BI,S
18982,bowie knife tactical compss,B01EHWVQ5Y,S
18982,bowie knife tactical compss,B01AD3WYK2,S
18982,bowie knife tactical compss,B014RSN7F0,S
18982,bowie knife tactical compss,B00XVMTNTI,S
18982,bowie knife tactical compss,B00UM5H2E0,S
18982,bowie knife tactical compss,B004EAJFJE,S
18982,bowie knife tactical compss,B01EYCE9JW,S
19209,boys hamilton shirt,B07W8KP2FW,S
19209,boys hamilton shirt,B07NZ7M74V,E
19209,boys hamilton shirt,B07NPL451D,E
19209,boys hamilton shirt,B07N1GRVVN,E
19209,boys hamilton shirt,B07L4H7B6H,E
19209,boys hamilton shirt,B07L48CCJ3,E
19209,boys hamilton shirt,B07KW9B77C,E
19209,boys hamilton shirt,B07CMXW228,E
19209,boys hamilton shirt,B07G3X86L9,S
19209,boys hamilton shirt,B07BN7H7VL,E
19209,boys hamilton shirt,B07BN4J3ZV,E
19209,boys hamilton shirt,B079FT7D8C,S
19209,boys hamilton shirt,B0799YXW5J,E
19209,boys hamilton shirt,B0791XXXKS,S
19209,boys hamilton shirt,B07KW9819Q,S
19498,bras without underwire,B07BXX4RTL,E
19498,bras without underwire,B0779RSJZQ,E
19498,bras without underwire,B076GNR9B1,E
19498,bras without underwire,B07169Z8FD,E
19498,bras without underwire,B071ZQKBYM,E
19498,bras without underwire,B071JC96H3,E
19498,bras without underwire,B07DX2HJ1C,S
19498,bras without underwire,B076D147V8,E
19498,bras without underwire,B07M9LVZRW,I
19498,bras without underwire,B0812N8WHM,E
19498,bras without underwire,B07WP2P3BH,E
19498,bras without underwire,B0812N138H,E
19498,bras without underwire,B084N5CL8R,E
19498,bras without underwire,B08GKTWMND,E
19498,bras without underwire,B08PH6HJP2,E
19498,bras without underwire,B0912J9PR8,E
19498,bras without underwire,B093Y1XTH9,E
19498,bras without underwire,B06XSDC3D3,E
19498,bras without underwire,B07TFS2XYS,E
19498,bras without underwire,B06XSDC2DW,E
19498,bras without underwire,B07116GC3L,E
19498,bras without underwire,B01NARXN9F,E
19498,bras without underwire,B01NBSZV47,E
19498,bras without underwire,B087JWX6YY,E
19498,bras without underwire,B0011681I0,E
19498,bras without underwire,B0026P465C,E
19498,bras without underwire,B005W0LRUK,E
19498,bras without underwire,B009FBGEHS,S
19498,bras without underwire,B009YRMY86,E
19498,bras without underwire,B00FFIHHLC,E
19498,bras without underwire,B00GHISGZ0,E
19498,bras without underwire,B00CZ7TUK2,E
19498,bras without underwire,B00JPEOZXA,E
19498,bras without underwire,B00GZBGJ3K,E
19498,bras without underwire,B01ICBGB3S,E
19498,bras without underwire,B00XNCHW4E,S
19498,bras without underwire,B00T6TSL2U,E
19498,bras without underwire,B01JCAATOA,E
19498,bras without underwire,B00L5YLSQU,E
19498,bras without underwire,B00L4RVAC0,E
19498,bras without underwire,B00NE44TM4,I
19962,brooks ravenna womens,B07X3VPKSJ,S
19962,brooks ravenna womens,B07W149V6H,S
19962,brooks ravenna womens,B07VYZF9FR,E
19962,brooks ravenna womens,B07VXWMW6F,E
19962,brooks ravenna womens,B07V4MQGRZ,S
19962,brooks ravenna womens,B07PM8D9GM,S
19962,brooks ravenna womens,B07LCVRB7H,S
19962,brooks ravenna womens,B083LXCRB8,S
19962,brooks ravenna womens,B07DDLVJWT,S
19962,brooks ravenna womens,B07D3ZNHHW,E
19962,brooks ravenna womens,B07D3ZBJH4,S
19962,brooks ravenna womens,B0783HFKS9,S
19962,brooks ravenna womens,B077MDLV37,S
19962,brooks ravenna womens,B0722W54H2,S
19962,brooks ravenna womens,B0711JFH1G,E
19962,brooks ravenna womens,B07L6L71ZV,S
20240,bubble mower for 2 year old boy,B07TYDCZ4J,S
20240,bubble mower for 2 year old boy,B087YXTH6T,S
20240,bubble mower for 2 year old boy,B087Q1XGFL,E
20240,bubble mower for 2 year old boy,B087M9F3YW,S
20240,bubble mower for 2 year old boy,B083Q1NRVY,S
20240,bubble mower for 2 year old boy,B083DDYX1Q,E
20240,bubble mower for 2 year old boy,B081KKK8BR,E
20240,bubble mower for 2 year old boy,B07RYBB4NZ,S
20240,bubble mower for 2 year old boy,B079D1P5TX,E
20240,bubble mower for 2 year old boy,B07H331J4R,E
20240,bubble mower for 2 year old boy,B07BVY99Y6,E
20240,bubble mower for 2 year old boy,B06WRN2WJW,S
20240,bubble mower for 2 year old boy,B00MVV114A,E
20240,bubble mower for 2 year old boy,B00EPE5U52,S
20240,bubble mower for 2 year old boy,B0006GKDZU,S
20240,bubble mower for 2 year old boy,B07RJYZHN1,I
20442,built not born by tom golisano,B07TZ5QSCR,E
20442,built not born by tom golisano,B07JN7M6JT,I
20442,built not born by tom golisano,B07CMFNHM2,E
20442,built not born by tom golisano,B07BC98YRF,I
20442,built not born by tom golisano,B076DJ98DV,I
20442,built not born by tom golisano,B075SDQG7T,I
20442,built not born by tom golisano,B071S3TLSL,I
20442,built not born by tom golisano,B0845WQ94G,I
20442,built not born by tom golisano,B01N6NB067,E
20442,built not born by tom golisano,B01NAPNHJL,I
20442,built not born by tom golisano,B00VOMOBDK,I
20442,built not born by tom golisano,B014G8IYRM,I
20442,built not born by tom golisano,B07L7YHY9G,I
20442,built not born by tom golisano,B01FV54VHG,I
20442,built not born by tom golisano,B01HT2YLRY,I
20442,built not born by tom golisano,B016QVRI06,I
20635,bunny sweat shirts for girls,B07X64MLGX,E
20635,bunny sweat shirts for girls,B07P5K6FZZ,E
20635,bunny sweat shirts for girls,B07KWGK5PC,E
20635,bunny sweat shirts for girls,B07KPFHKQC,I
20635,bunny sweat shirts for girls,B07JD5YT2C,E
20635,bunny sweat shirts for girls,B07CMH6QHZ,S
20635,bunny sweat shirts for girls,B07BKWPD2H,E
20635,bunny sweat shirts for girls,B07XMJ5J5L,E
20635,bunny sweat shirts for girls,B0789863SB,E
20635,bunny sweat shirts for girls,B07517TP2N,S
20635,bunny sweat shirts for girls,B073FCMLDF,S
20635,bunny sweat shirts for girls,B06Y56VJNL,S
20635,bunny sweat shirts for girls,B01NCHBSYI,E
20635,bunny sweat shirts for girls,B01LWPFKIH,E
20635,bunny sweat shirts for girls,B00E0KSI9G,I
20635,bunny sweat shirts for girls,B0797N4STS,S
20939,buzz lightyear party decorations for boys,B07WBZ1RHY,S
20939,buzz lightyear party decorations for boys,B082DZLVV3,E
20939,buzz lightyear party decorations for boys,B0822GQDH2,S
20939,buzz lightyear party decorations for boys,B081GKR5TV,E
20939,buzz lightyear party decorations for boys,B07Z9KDJBK,S
20939,buzz lightyear party decorations for boys,B07XF21SG6,S
20939,buzz lightyear party decorations for boys,B07WQSYV1Y,E
20939,buzz lightyear party decorations for boys,B07VY143JQ,S
20939,buzz lightyear party decorations for boys,B07FWHX2MC,C
20939,buzz lightyear party decorations for boys,B07TLFF4JB,E
20939,buzz lightyear party decorations for boys,B07THZGG4L,E
20939,buzz lightyear party decorations for boys,B07TBQYZ4B,E
20939,buzz lightyear party decorations for boys,B07RW4D6ZW,E
20939,buzz lightyear party decorations for boys,B07RN97QQW,E
20939,buzz lightyear party decorations for boys,B07R6YGZGV,E
20939,buzz lightyear party decorations for boys,B07V1TZQLS,E
21127,cable crossover machine,B08RCXNMKC,E
21127,cable crossover machine,B08QCMRHBT,S
21127,cable crossover machine,B08NP8HKRS,E
21127,cable crossover machine,B08HHDYXPG,S
21127,cable crossover machine,B08KW5MLSR,E
21127,cable crossover machine,B08W2CJVZP,E
21127,cable crossover machine,B08FRF5L26,E
21127,cable crossover machine,B08N1JSCLM,C
21127,cable crossover machine,B08XN92M38,S
21127,cable crossover machine,B096VLD6BC,C
21127,cable crossover machine,B093KDS6KH,E
21127,cable crossover machine,B093PW5GQJ,C
21127,cable crossover machine,B096X17CX6,E
21127,cable crossover machine,B097T5F87Y,E
21127,cable crossover machine,B097Y5T3R5,C
21127,cable crossover machine,B099KHWFSH,E
21127,cable crossover machine,B09H6X1DHM,E
21127,cable crossover machine,B08BNJT4C3,E
21127,cable crossover machine,B093FD3QY2,C
21127,cable crossover machine,B088LLCWRL,E
21127,cable crossover machine,B07G2MDGKX,E
21127,cable crossover machine,B07YVTW8ZF,E
21127,cable crossover machine,B000VWAC3W,E
21127,cable crossover machine,B001D78PCE,S
21127,cable crossover machine,B0041NM0ZU,S
21127,cable crossover machine,B0063NCDLM,E
21127,cable crossover machine,B00823OOW2,S
21127,cable crossover machine,B00823OQHU,E
21127,cable crossover machine,B081GYJJ2J,E
21127,cable crossover machine,B017I5282W,E
21127,cable crossover machine,B01LOX2PPO,E
21127,cable crossover machine,B00CBMGETQ,E
21127,cable crossover machine,B07D59GZJ7,S
21127,cable crossover machine,B07HBHFBFG,E
21127,cable crossover machine,B07HHF5QM7,E
21127,cable crossover machine,B07JD5ZWYG,E
21127,cable crossover machine,B07PVDCMJZ,S
21127,cable crossover machine,B07PXK3YWJ,C
21127,cable crossover machine,B07RBC7Q5T,E
21127,cable crossover machine,B0764JNG73,E
23006,card not present,B088F5T3L4,E
23006,card not present,B08DRS6J8Z,E
23006,card not present,B08JMF8C8G,I
23006,card not present,B08M9GWH63,E
23006,card not present,B08T1BHB8K,I
23006,card not present,B08T1JB7QN,E
23006,card not present,B08XJJ5J5V,E
23006,card not present,B092PYRSS4,I
23006,card not present,B08YR74WX5,E
23006,card not present,B091SYDBD1,I
23006,card not present,B093L666XM,I
23006,card not present,B095173LKX,E
23006,card not present,B095JT992L,E
23006,card not present,B087RRXWGV,E
23006,card not present,B08YK1823P,I
23006,card not present,B083Z4XX2Z,I
23006,card not present,B07T2S93Z8,I
23006,card not present,B07XCV5XMN,I
23006,card not present,0740781553,I
23006,card not present,1099879965,I
23006,card not present,1946460044,I
23006,card not present,B00RZNS6I8,I
23006,card not present,B01C9MW8Z6,I
23006,card not present,B01LZCDLRJ,E
23006,card not present,B000MXWRI8,I
23006,card not present,B078RDNFSC,I
23006,card not present,B0792WTGJ4,I
23006,card not present,B07B932XHQ,I
23006,card not present,B07FDVL47G,I
23006,card not present,B07KM3KCNG,I
23006,card not present,B082NKK31V,I
23006,card not present,B01MYSOJYX,E
23171,carhart backpack men,B07J5L1ZJZ,S
23171,carhart backpack men,B07GPGXWT8,E
23171,carhart backpack men,B07GP6V695,E
23171,carhart backpack men,B07CSMWF2W,S
23171,carhart backpack men,B077VKNBN6,S
23171,carhart backpack men,B075LXP47V,S
23171,carhart backpack men,B075LTH717,E
23171,carhart backpack men,B07X92927H,E
23171,carhart backpack men,B014TDFAE4,E
23171,carhart backpack men,B00SV72JZ8,E
23171,carhart backpack men,B00SV72AVQ,E
23171,carhart backpack men,B00SRWA544,E
23171,carhart backpack men,B00LR401YS,S
23171,carhart backpack men,B00ES8L8YW,E
23171,carhart backpack men,B005FJ273O,S
23171,carhart backpack men,B06XFXCR94,E
23235,carmen sandiego prime video,B084ZTMZ5X,E
23235,carmen sandiego prime video,B084ZTWNS4,E
23235,carmen sandiego prime video,B07NNRCHP9,E
23235,carmen sandiego prime video,B08511267W,E
23235,carmen sandiego prime video,B086R9DVY5,E
23235,carmen sandiego prime video,B081L5PJZ9,S
23235,carmen sandiego prime video,B084ZV671V,E
23235,carmen sandiego prime video,B0817MXNG2,S
23235,carmen sandiego prime video,B006WNSHUY,S
23235,carmen sandiego prime video,B07Q113549,E
23235,carmen sandiego prime video,B07PZY362Y,E
23235,carmen sandiego prime video,B074BS6RJT,I
23235,carmen sandiego prime video,B0169ELFGI,S
23235,carmen sandiego prime video,B006WCPRC6,S
23235,carmen sandiego prime video,B0000D0YTO,S
23235,carmen sandiego prime video,B07Q22NHVR,E
23700,castle,B08748XLF6,S
23700,castle,B085CM6SQ8,S
23700,castle,B082WLVSCP,I
23700,castle,B07QY3VGH7,E
23700,castle,B07MSBVKCM,E
23700,castle,B07DKZJJSC,E
23700,castle,B0797HB65P,S
23700,castle,B088PBSDZQ,E
23700,castle,B01M66UUEU,E
23700,castle,B00RSI5EHQ,E
23700,castle,B00N99V7GK,S
23700,castle,B00CBS35CY,E
23700,castle,B0057URWSQ,S
23700,castle,B003FC3LQK,S
23700,castle,B002PZJOCS,S
23700,castle,B077TKHC2X,S
24015,cattle trailer,B07RHQ3Z8G,S
24015,cattle trailer,B01N9X8W40,E
24015,cattle trailer,B00NGXKRT2,S
24015,cattle trailer,B00L4C775E,S
24015,cattle trailer,B00G4BDHO0,S
24015,cattle trailer,B00E4HTRWC,E
24015,cattle trailer,B00COKU2AW,S
24015,cattle trailer,B07GX11BYJ,E
24015,cattle trailer,B00BL8RD5K,E
24015,cattle trailer,B007K4QE5Y,S
24015,cattle trailer,B007FFKT22,S
24015,cattle trailer,B002YFLA4E,S
24015,cattle trailer,B002X7TFUE,S
24015,cattle trailer,B000P24AOU,E
24015,cattle trailer,B000FGIUE2,E
24015,cattle trailer,B00BOW8PK0,E
24138,cd/dvd printers,B09B3ZLGTV,E
24138,cd/dvd printers,B096G5WF9V,I
24138,cd/dvd printers,B0828TLN3Y,I
24138,cd/dvd printers,B07QNS8HMB,E
24138,cd/dvd printers,B07G69QCXX,I
24138,cd/dvd printers,B07G5XZVLG,I
24138,cd/dvd printers,B0798D6XBM,E
24138,cd/dvd printers,B01HSADJIO,I
24138,cd/dvd printers,B010UU62T2,I
24138,cd/dvd printers,B00HM0IV52,I
24138,cd/dvd printers,B00B0IC37E,E
24138,cd/dvd printers,B000OSLHFK,E
24138,cd/dvd printers,B000I3IXLC,E
24138,cd/dvd printers,B000I3F9ZK,E
24138,cd/dvd printers,B000AYA588,E
24138,cd/dvd printers,B01E60D34E,E
25831,christianity without god,B01645P5M2,E
25831,christianity without god,B019WXPHDA,E
25831,christianity without god,0692749950,S
25831,christianity without god,B07X8QVNGX,S
25831,christianity without god,B097VTC27N,I
25831,christianity without god,B005CK4PAY,S
25831,christianity without god,B07T99FTTQ,E
25831,christianity without god,1686815921,E
25831,christianity without god,0310119480,I
25831,christianity without god,1587434512,S
25831,christianity without god,1546026223,I
25831,christianity without god,1482313294,S
25831,christianity without god,0991659910,S
25831,christianity without god,056768251X,S
25831,christianity without god,1610976584,I
25831,christianity without god,0226505650,S
26107,chritmas slap bracelets,B07V562CQW,S
26107,chritmas slap bracelets,B081Q2DZMN,E
26107,chritmas slap bracelets,B0811SDXZ9,E
26107,chritmas slap bracelets,B07ZZ11RB4,E
26107,chritmas slap bracelets,B07ZCV3XGB,E
26107,chritmas slap bracelets,B07Z899LGS,E
26107,chritmas slap bracelets,B07YJC184Y,E
26107,chritmas slap bracelets,B07Y5ZHYZK,E
26107,chritmas slap bracelets,B07JPK1T3D,S
26107,chritmas slap bracelets,B07P3MXNN4,I
26107,chritmas slap bracelets,B07NGKWSDZ,S
26107,chritmas slap bracelets,B07JHG14TF,S
26107,chritmas slap bracelets,B07GBSWTV9,E
26107,chritmas slap bracelets,B07DHH6J2V,S
26107,chritmas slap bracelets,B06XCKC75Z,S
26107,chritmas slap bracelets,B07X7W3KCZ,S
26199,chunky hoop earrings explosion zing,B07QW1ZX3Z,S
26199,chunky hoop earrings explosion zing,B08DNQMZBJ,E
26199,chunky hoop earrings explosion zing,B07TWBJLZF,E
26199,chunky hoop earrings explosion zing,B07QWXBFZH,S
26199,chunky hoop earrings explosion zing,B07QW15RW3,S
26199,chunky hoop earrings explosion zing,B07QTKYQ58,E
26199,chunky hoop earrings explosion zing,B07ML324GG,E
26199,chunky hoop earrings explosion zing,B07FQTZV67,E
26199,chunky hoop earrings explosion zing,B07BHVXR8H,S
26199,chunky hoop earrings explosion zing,B074B45DWJ,S
26199,chunky hoop earrings explosion zing,B01LYNVUXZ,S
26199,chunky hoop earrings explosion zing,B01BKZL27S,E
26199,chunky hoop earrings explosion zing,B017M1C4LW,E
26199,chunky hoop earrings explosion zing,B00VKNFS76,S
26199,chunky hoop earrings explosion zing,B00TSP6SJU,S
26199,chunky hoop earrings explosion zing,B00EFX906I,E
26388,circle s jackets,B06ZYKZ2ML,S
26388,circle s jackets,B07RTY61WV,S
26388,circle s jackets,B07KGWZZ92,S
26388,circle s jackets,B07HL4GG4W,S
26388,circle s jackets,B07FKZCYD8,I
26388,circle s jackets,B07SWR6Q4B,S
26388,circle s jackets,B01LWAYLMR,I
26388,circle s jackets,B0765KYJ58,S
26388,circle s jackets,B00N11EXD0,S
26388,circle s jackets,B00E45BVN2,E
26388,circle s jackets,B00GE96HR6,E
26388,circle s jackets,B00GYHKWRO,S
26388,circle s jackets,B00XTP54HC,S
26388,circle s jackets,B00N116MZW,S
26388,circle s jackets,B00N11DSK4,E
26388,circle s jackets,B00HFD8FKC,E
26502,cla 250 trunk spoiler,B08B1QVSR6,E
26502,cla 250 trunk spoiler,B081VGC6G4,S
26502,cla 250 trunk spoiler,B07XY9PN31,E
26502,cla 250 trunk spoiler,B07T5SG5MQ,S
26502,cla 250 trunk spoiler,B07N1S4S3N,E
26502,cla 250 trunk spoiler,B07N1GRPBZ,S
26502,cla 250 trunk spoiler,B07CT1MR2G,I
26502,cla 250 trunk spoiler,B07CPNSC19,S
26502,cla 250 trunk spoiler,B075Z6SR11,I
26502,cla 250 trunk spoiler,B071S4CK8N,I
26502,cla 250 trunk spoiler,B01MAWVHX3,E
26502,cla 250 trunk spoiler,B01MATQGXQ,S
26502,cla 250 trunk spoiler,B01KG8UP1O,I
26502,cla 250 trunk spoiler,B00U9PMB8U,I
26502,cla 250 trunk spoiler,B009F10S3Y,I
26502,cla 250 trunk spoiler,B073C8ZLKR,I
26649,clean code python,B08D8TXXHD,E
26649,clean code python,B085BVQYBZ,S
26649,clean code python,B085BV31TK,S
26649,clean code python,B084FLBDV7,S
26649,clean code python,B0836JR9G5,S
26649,clean code python,1718501323,S
26649,clean code python,1718501129,S
26649,clean code python,1718501242,S
26649,clean code python,1718500629,S
26649,clean code python,1718500521,S
26649,clean code python,1718500505,S
26649,clean code python,1593279663,S
26649,clean code python,1593279167,S
26649,clean code python,1492052205,E
26649,clean code python,0262542366,S
26649,clean code python,1718500742,S
27144,co2 cartridge,B01MYFLTZ5,E
27144,co2 cartridge,B01HKJDKIC,S
27144,co2 cartridge,B07THM2122,S
27144,co2 cartridge,B01HDTTOGQ,E
27144,co2 cartridge,B0872TKJ3J,E
27144,co2 cartridge,B088YJQJRT,E
27144,co2 cartridge,B07TJ2LN5V,E
27144,co2 cartridge,B013FWYS34,S
27144,co2 cartridge,B00NXVV80O,E
27144,co2 cartridge,B00C4YMUKI,S
27144,co2 cartridge,B004QP47NG,S
27144,co2 cartridge,B0032ALKEK,E
27144,co2 cartridge,B0025TMYYE,E
27144,co2 cartridge,B001DDBLWY,E
27144,co2 cartridge,B000N5TTU4,S
27144,co2 cartridge,B00RETZ02I,S
28323,computer,B0895ZGYSC,C
28323,computer,B0895YF8K3,C
28323,computer,B0895Y7C2G,C
28323,computer,B07ZPGF1R3,E
28323,computer,B0895XP548,C
28323,computer,B0855HGLJD,C
28323,computer,B0899TCX5F,C
28323,computer,B07XPLKZ5P,E
28323,computer,B0895Y5DQH,C
28323,computer,B0899TLXNC,C
28323,computer,B089M4VDK5,C
28323,computer,B0899V98NJ,C
28323,computer,B089M4SJ4J,C
28323,computer,B089M6B6CG,C
28323,computer,B089M6GV85,C
28323,computer,B08D9TBJN8,E
28323,computer,B089M6ZYZW,C
28323,computer,B08BXB1N1V,E
28323,computer,B08CVBNQT3,E
28323,computer,B07VGJDKZ4,S
28323,computer,B0899TPBLV,C
28323,computer,B07VDJ5RVF,C
28323,computer,B089M6N71H,C
28323,computer,B07TB9G2R6,S
28323,computer,B00IOTZGOE,E
28323,computer,B00M9K7L8S,E
28323,computer,B01CV9G1BO,E
28323,computer,B01LKOZEF0,E
28323,computer,B01LY0WLCT,E
28323,computer,B0725BFYV6,S
28323,computer,B077D4SFMF,E
28323,computer,B07BCGW85X,S
28323,computer,B07GD9VX5D,I
28323,computer,B07J9J1CJF,E
28323,computer,B07V34QQ3C,E
28323,computer,B07NBWF1ZP,E
28323,computer,B07JWB2RZD,E
28323,computer,B07SHJN3R6,E
28323,computer,B07SGH132Y,E
28323,computer,B07RNMXDRF,E
28323,computer,B07SYC6HRK,E
28323,computer,B07R8WK8VP,E
28323,computer,B07R8WJMW6,E
28323,computer,B07R4PQJNM,E
28323,computer,B07RF1XD36,E
28863,cooling and heating mattress pad,B07Y252RCV,E
28863,cooling and heating mattress pad,B07WC2G1FW,S
28863,cooling and heating mattress pad,B081G994N9,E
28863,cooling and heating mattress pad,B07W4SGTCF,E
28863,cooling and heating mattress pad,B085R7T79S,E
28863,cooling and heating mattress pad,B0866F7FNM,E
28863,cooling and heating mattress pad,B081GDLXRJ,E
28863,cooling and heating mattress pad,B07R9K1PQL,S
28863,cooling and heating mattress pad,B00MGN0FE0,E
28863,cooling and heating mattress pad,B07KPMPVLM,E
28863,cooling and heating mattress pad,B07K81PYZQ,E
28863,cooling and heating mattress pad,B07GT9NNZD,E
28863,cooling and heating mattress pad,B0756VY391,E
28863,cooling and heating mattress pad,B01M4QF1X0,E
28863,cooling and heating mattress pad,B00NESCOY0,S
28863,cooling and heating mattress pad,B07QLR6LKK,E
28889,cooling towels for neck 10 pack,B07SY8D2DM,S
28889,cooling towels for neck 10 pack,B088WPR46M,S
28889,cooling towels for neck 10 pack,B083FWXPN7,S
28889,cooling towels for neck 10 pack,B07WRBYK1L,S
28889,cooling towels for neck 10 pack,B07W4YK659,E
28889,cooling towels for neck 10 pack,B07TNCTJG8,S
28889,cooling towels for neck 10 pack,B07TCXVMV3,S
28889,cooling towels for neck 10 pack,B07SRLWP16,E
28889,cooling towels for neck 10 pack,B00XKLYWFU,S
28889,cooling towels for neck 10 pack,B07R5ZP5RN,S
28889,cooling towels for neck 10 pack,B07QMQYN8S,S
28889,cooling towels for neck 10 pack,B07FNQKFV9,S
28889,cooling towels for neck 10 pack,B07CGLQ8JM,E
28889,cooling towels for neck 10 pack,B07C3DVW4R,E
28889,cooling towels for neck 10 pack,B01K97XFO6,S
28889,cooling towels for neck 10 pack,B07SBVY8LR,S
29035,cordless phone without answering machine 4 handsets,B00UFJ4VF6,S
29035,cordless phone without answering machine 4 handsets,B086R819LS,S
29035,cordless phone without answering machine 4 handsets,B076JR3QPG,E
29035,cordless phone without answering machine 4 handsets,B0735QBGCL,I
29035,cordless phone without answering machine 4 handsets,B072N4MMV3,S
29035,cordless phone without answering machine 4 handsets,B071X94HC2,S
29035,cordless phone without answering machine 4 handsets,B01I4JHNV2,S
29035,cordless phone without answering machine 4 handsets,B01HXMJ14S,S
29035,cordless phone without answering machine 4 handsets,B00SBSSROE,E
29035,cordless phone without answering machine 4 handsets,B00SJL43LY,E
29035,cordless phone without answering machine 4 handsets,B00N22M0XS,E
29035,cordless phone without answering machine 4 handsets,B00I9YTYN8,I
29035,cordless phone without answering machine 4 handsets,B00F9Z3RWO,S
29035,cordless phone without answering machine 4 handsets,B00BLVLHO0,S
29035,cordless phone without answering machine 4 handsets,B007PCOLCE,S
29035,cordless phone without answering machine 4 handsets,B00WHYS0R2,S
29227,corsair commander pro,B07Z9SW756,C
29227,corsair commander pro,B07XW1WCQG,E
29227,corsair commander pro,B07XW174P6,E
29227,corsair commander pro,B07XFNG9K3,I
29227,corsair commander pro,B07VCKVMK5,C
29227,corsair commander pro,B07N3HP8S5,S
29227,corsair commander pro,B07L2QSY96,S
29227,corsair commander pro,B07XNZLZWM,C
29227,corsair commander pro,B076VD725X,C
29227,corsair commander pro,B077YHLDSP,S
29227,corsair commander pro,B01MYDTC2C,S
29227,corsair commander pro,B0725HP1J2,E
29227,corsair commander pro,B07X2Q8GTB,C
29227,corsair commander pro,B075GWMJ68,S
29227,corsair commander pro,B075VGN4M1,C
29227,corsair commander pro,B073VKPM4D,E
29249,corsair thermal paste,B07S6595TV,I
29249,corsair thermal paste,B07KQ1T158,E
29249,corsair thermal paste,B07JWB5BSN,E
29249,corsair thermal paste,B07J6MFZRP,I
29249,corsair thermal paste,B07CKVW18G,S
29249,corsair thermal paste,B079NXZQBC,E
29249,corsair thermal paste,B0795DP124,S
29249,corsair thermal paste,B078RNBFMG,S
29249,corsair thermal paste,B011F7W3LU,S
29249,corsair thermal paste,B00LT0ZWJE,S
29249,corsair thermal paste,B00A0HZMGA,E
29249,corsair thermal paste,B0087X728K,S
29249,corsair thermal paste,B004D3TUG0,S
29249,corsair thermal paste,B002CQU14A,S
29249,corsair thermal paste,B0009PTBZ6,S
29249,corsair thermal paste,B0151PYG4E,E
29337,cortizone cream,B0815GH91H,E
29337,cortizone cream,B07Y992YWL,S
29337,cortizone cream,B01KKJM0OE,S
29337,cortizone cream,B01DCTB9X2,E
29337,cortizone cream,B01CLIZB8Y,S
29337,cortizone cream,B00P2V1CDG,S
29337,cortizone cream,B00IZHXUM0,E
29337,cortizone cream,B0779CBH6S,S
29337,cortizone cream,B00CEK3D8U,S
29337,cortizone cream,B005WT3MUE,S
29337,cortizone cream,B004XMI5O4,S
29337,cortizone cream,B00314GCJU,E
29337,cortizone cream,B001KYA8KW,E
29337,cortizone cream,B001KY7LAM,E
29337,cortizone cream,B001AZTD52,E
29337,cortizone cream,B00GMP4QNO,E
29502,cotton sleep wear,B07FK9PQKV,S
29502,cotton sleep wear,B082XRQQXM,E
29502,cotton sleep wear,B07M8HZLT4,S
29502,cotton sleep wear,B07KS92JWN,S
29502,cotton sleep wear,B07HMYPXPX,E
29502,cotton sleep wear,B07GPKSC74,E
29502,cotton sleep wear,B07GKVQ4X4,E
29502,cotton sleep wear,B079LK9XLZ,E
29502,cotton sleep wear,B008FV74FU,E
29502,cotton sleep wear,B0772WNVVR,E
29502,cotton sleep wear,B0744PTVDH,E
29502,cotton sleep wear,B0744PN2MV,E
29502,cotton sleep wear,B073X38K6T,E
29502,cotton sleep wear,B071FQQ7WR,E
29502,cotton sleep wear,B014MBW97Y,S
29502,cotton sleep wear,B07777BTPJ,E
29542,couger costumes for kids,B07J6G4CMP,E
29542,couger costumes for kids,B07Y3X9ZG8,E
29542,couger costumes for kids,B07Y3T684X,E
29542,couger costumes for kids,B07X3223NN,C
29542,couger costumes for kids,B07HJ95KVC,E
29542,couger costumes for kids,B01N983KR1,C
29542,couger costumes for kids,B01CTYY082,I
29542,couger costumes for kids,B00QVCLG4A,E
29542,couger costumes for kids,B00KM5QH0A,S
29542,couger costumes for kids,B000VO77G0,C
29542,couger costumes for kids,B000V75638,E
29568,counter top tile,B01FY2O56S,E
29568,counter top tile,B07W6XFVLN,C
29568,counter top tile,B07J6RQ2VZ,S
29568,counter top tile,B07GFLSDFM,C
29568,counter top tile,B07GFKMGBN,C
29568,counter top tile,B075RC6RNF,S
29568,counter top tile,B074M66YL8,E
29568,counter top tile,B01AN7AM3E,S
29568,counter top tile,B000PTSBKW,C
29568,counter top tile,B00SJ81DZG,S
29568,counter top tile,B00EJUVDYE,S
29568,counter top tile,B00BMU9QMK,S
29568,counter top tile,B006Z6AO5E,S
29568,counter top tile,B0068OEBPW,E
29568,counter top tile,B0034IGVV2,S
29568,counter top tile,B00T2870CC,E
30274,crop sweaters for women,B0811YBQ6H,E
30274,crop sweaters for women,B07YJKCFKF,I
30274,crop sweaters for women,B07TB5X4ZQ,I
30274,crop sweaters for women,B07MQWN2CF,S
30274,crop sweaters for women,B07KLGDBB2,E
30274,crop sweaters for women,B07JLRRV9D,E
30274,crop sweaters for women,B07HDY6HNV,E
30274,crop sweaters for women,B07H3XVH41,E
30274,crop sweaters for women,B07G5VPLX9,E
30274,crop sweaters for women,B079K15CM5,I
30274,crop sweaters for women,B079JV6GBP,E
30274,crop sweaters for women,B0771H8R7H,I
30274,crop sweaters for women,B075XFD94J,E
30274,crop sweaters for women,B074NVDDWG,S
30274,crop sweaters for women,B016ZPKPL2,E
30274,crop sweaters for women,B07GXDBMMN,S
30872,curtains under 5 dollars,B081NHQ3FH,C
30872,curtains under 5 dollars,B081XTCW43,E
30872,curtains under 5 dollars,B07TXRCFC3,I
30872,curtains under 5 dollars,B085Q2G56H,C
30872,curtains under 5 dollars,B086TVWCV6,C
30872,curtains under 5 dollars,B081YRV2J9,C
30872,curtains under 5 dollars,B07SVNJ7LJ,C
30872,curtains under 5 dollars,B082WQZPMZ,C
30872,curtains under 5 dollars,B01ICY2D9Q,I
30872,curtains under 5 dollars,B002XM59F4,I
30872,curtains under 5 dollars,B004Y4GO8A,I
30872,curtains under 5 dollars,B006LQJ3NM,E
30872,curtains under 5 dollars,B01MQRRDNF,C
30872,curtains under 5 dollars,B00BANZFEW,E
30872,curtains under 5 dollars,B01AZ1MR7M,E
30872,curtains under 5 dollars,B0075FUS96,I
31434,dalmation print crop top,B07VYGNYRF,I
31434,dalmation print crop top,B07SC3BJGL,I
31434,dalmation print crop top,B07Q6S8JGN,E
31434,dalmation print crop top,B07PG8TZ4V,I
31434,dalmation print crop top,B07P4CKLNL,I
31434,dalmation print crop top,B07MFTZX8B,E
31434,dalmation print crop top,B07M7YVPXR,I
31434,dalmation print crop top,B07KQ3GRTB,S
31434,dalmation print crop top,B07JBGT3X6,S
31434,dalmation print crop top,B07CJY2TQD,I
31434,dalmation print crop top,B0746C7TP1,I
31434,dalmation print crop top,B019ZL2WHS,I
31434,dalmation print crop top,B014D2HPBC,I
32297,delta wall faucet spout with shower control,B005TG3MD2,E
32297,delta wall faucet spout with shower control,B005TG55G4,E
32297,delta wall faucet spout with shower control,B0064TWVBW,S
32297,delta wall faucet spout with shower control,B00OZ4CAFU,E
32297,delta wall faucet spout with shower control,B006WKKFM0,S
32297,delta wall faucet spout with shower control,B0040YV7CW,E
32297,delta wall faucet spout with shower control,B0064TY6MY,S
32297,delta wall faucet spout with shower control,B0040YV5YW,E
32297,delta wall faucet spout with shower control,B001AHX1UI,E
32297,delta wall faucet spout with shower control,B0040YKC2S,S
32297,delta wall faucet spout with shower control,B0040YJG5W,S
32297,delta wall faucet spout with shower control,B0032S6O8Y,S
32297,delta wall faucet spout with shower control,B001GF2RT0,E
32297,delta wall faucet spout with shower control,B001AHZRSC,E
32297,delta wall faucet spout with shower control,B000TF7QSA,E
32297,delta wall faucet spout with shower control,B0040YRMKI,S
32717,detachable zipper 24 inch,B07YBWBS1Z,S
32717,detachable zipper 24 inch,B07V9ZD5YT,S
32717,detachable zipper 24 inch,B07S1XFP1Z,I
32717,detachable zipper 24 inch,B07R8P99Q8,I
32717,detachable zipper 24 inch,B07PWX1T1N,I
32717,detachable zipper 24 inch,B07PPD928H,E
32717,detachable zipper 24 inch,B07PNS613X,S
32717,detachable zipper 24 inch,B083JC6PC9,S
32717,detachable zipper 24 inch,B07FZKDSS5,I
32717,detachable zipper 24 inch,B078HD1PQS,I
32717,detachable zipper 24 inch,B075TLPTRQ,I
32717,detachable zipper 24 inch,B01N2RM295,S
32717,detachable zipper 24 inch,B007V8ZIYC,S
32717,detachable zipper 24 inch,B003G32308,I
32717,detachable zipper 24 inch,B000JTHJ2O,I
32717,detachable zipper 24 inch,B07H1NH2Z4,S
33369,dinosaur curtains,B085RKKNJN,E
33369,dinosaur curtains,B07S7DZ1B8,E
33369,dinosaur curtains,B0858VHJ34,E
33369,dinosaur curtains,B083QPCFCT,S
33369,dinosaur curtains,B07Z6RW61L,I
33369,dinosaur curtains,B07Y3V7QVD,E
33369,dinosaur curtains,B07W99P9MV,E
33369,dinosaur curtains,B07SRYS812,E
33369,dinosaur curtains,B07QH96K2D,E
33369,dinosaur curtains,B07KD7PJ31,E
33369,dinosaur curtains,B07BBV8FKJ,E
33369,dinosaur curtains,B0792R1SRN,E
33369,dinosaur curtains,B075NTWL14,E
33369,dinosaur curtains,B071WXZ8SH,E
33369,dinosaur curtains,B01MTXCT4A,E
33369,dinosaur curtains,B07P6JHP9D,E
33485,dirt devil pro 3,B07X2Q7NTZ,E
33485,dirt devil pro 3,B07G3FVMWC,E
33485,dirt devil pro 3,B07G2QQJTS,E
33485,dirt devil pro 3,B06XDK8Q3B,E
33485,dirt devil pro 3,B06W9PGBNW,E
33485,dirt devil pro 3,B06VYF3NBC,E
33485,dirt devil pro 3,B01MF64OF0,E
33485,dirt devil pro 3,B01LY1BB7I,S
33485,dirt devil pro 3,B00TZRBSKA,E
33485,dirt devil pro 3,B00EJQQUM8,E
33485,dirt devil pro 3,B00ACLIBUI,E
33485,dirt devil pro 3,B002KCO96C,E
33485,dirt devil pro 3,B0013DXRQ2,C
33485,dirt devil pro 3,B000050HD5,C
33485,dirt devil pro 3,B01M26M79X,S
35028,double tail downhill cruiser complete,B08CRQTP4M,E
35028,double tail downhill cruiser complete,B07KGHNBJ2,E
35028,double tail downhill cruiser complete,B07K8M53M6,E
35028,double tail downhill cruiser complete,B075NMHRNF,S
35028,double tail downhill cruiser complete,B06XX8G66L,I
35028,double tail downhill cruiser complete,B01N5HAHFF,E
35028,double tail downhill cruiser complete,B01H8C9ML0,E
35028,double tail downhill cruiser complete,B01EOKUKX8,E
35028,double tail downhill cruiser complete,B01DWHW5DM,S
35028,double tail downhill cruiser complete,B00OW1PMTW,I
35028,double tail downhill cruiser complete,B00NR4MCUW,E
35028,double tail downhill cruiser complete,B01H755BFE,E
35071,dove mens sculpting paste,B07ZPGBQ7Z,S
35071,dove mens sculpting paste,B07CYYWRKQ,S
35071,dove mens sculpting paste,B07BCMGZ8N,S
35071,dove mens sculpting paste,B079GYT9WK,I
35071,dove mens sculpting paste,B07737D2X8,S
35071,dove mens sculpting paste,B0769WTGXM,S
35071,dove mens sculpting paste,B01M0UJ2RY,S
35071,dove mens sculpting paste,B07JW7MSV8,S
35071,dove mens sculpting paste,B00E5JXYLO,S
35071,dove mens sculpting paste,B00BOUQU22,S
35071,dove mens sculpting paste,B00BOUQTJG,E
35071,dove mens sculpting paste,B00AAJTDLI,E
35071,dove mens sculpting paste,B005NWO9J8,S
35071,dove mens sculpting paste,B001229LC8,S
35071,dove mens sculpting paste,B000GG16QA,S
35071,dove mens sculpting paste,B018HGSU4Q,S
35550,drinking dispenser hot,B07CJ1ZSYB,E
35550,drinking dispenser hot,B086M9N91N,E
35550,drinking dispenser hot,B082YH2JJ4,S
35550,drinking dispenser hot,B07T6C64BX,E
35550,drinking dispenser hot,B07T44H6N7,E
35550,drinking dispenser hot,B07P6FS6HW,E
35550,drinking dispenser hot,B079Z4MS5P,E
35550,drinking dispenser hot,B084RBS2WK,C
35550,drinking dispenser hot,B071S2M1KV,E
35550,drinking dispenser hot,B06XJ86F7L,E
35550,drinking dispenser hot,B01AKTFK6Y,E
35550,drinking dispenser hot,B00NUIZ3QA,S
35550,drinking dispenser hot,B00NHXHGUO,S
35550,drinking dispenser hot,B00NHXH7PI,S
35550,drinking dispenser hot,B0732HQL7X,E
35550,drinking dispenser hot,B00DKNTDUW,S
36145,dw drums,B00A3N8AXI,C
36145,dw drums,B00EDZNBDQ,C
36145,dw drums,B00HX9EWXW,E
36145,dw drums,B013NPC1J6,E
36145,dw drums,B013NPCBLY,C
36145,dw drums,B013PSEMYI,E
36145,dw drums,B01LDE0394,E
36145,dw drums,B07C6BLGCK,C
36145,dw drums,B07KWL18RZ,C
36145,dw drums,B07QYC6K9L,E
36145,dw drums,B085L2M4Z3,C
36145,dw drums,B085L35DBF,C
36145,dw drums,B085L6W112,C
36145,dw drums,B085PZHDWT,E
36145,dw drums,B08GZSWR46,I
36145,dw drums,B00A3BOII6,C
36145,dw drums,B08N46MXWZ,E
36145,dw drums,B07KWJZ824,E
36145,dw drums,B07R7DK1PZ,S
36145,dw drums,B008XXZ9SO,E
36145,dw drums,B007XCTXSS,E
36145,dw drums,B009YZ00Q6,E
36145,dw drums,B0002E528E,E
36145,dw drums,B0002F4VF8,C
36145,dw drums,B0002F4VFS,C
36145,dw drums,B0002F5026,E
36145,dw drums,B0009QYQCS,E
36145,dw drums,B0014DK7E6,C
36145,dw drums,B0023BYU1Y,E
36145,dw drums,B000UJEGT2,E
36145,dw drums,B003H8Z732,E
36145,dw drums,B003H934JK,E
36145,dw drums,B003HR375S,C
36145,dw drums,B003UBCBXA,E
36145,dw drums,B0046R4WM0,C
36145,dw drums,B004VAQURM,C
36145,dw drums,B0075J8APQ,C
36145,dw drums,B007GYRH5O,E
36145,dw drums,B002IKM12U,E
37589,emt shears,B084KV56D2,E
37589,emt shears,B07FXSZ9GD,S
37589,emt shears,B07DHTW9LG,I
37589,emt shears,B07CKXVWPQ,E
37589,emt shears,B07937F9JR,S
37589,emt shears,B01N4E2XYB,S
37589,emt shears,B01KNDY0D6,E
37589,emt shears,B01GNLCC6O,S
37589,emt shears,B006NP15IC,E
37589,emt shears,B0002DL8N8,E
37589,emt shears,B071J31YNR,E
39580,fanny packs for women,B082XS3H6L,E
39580,fanny packs for women,B07XRVN7SM,I
39580,fanny packs for women,B07V8MWVF4,E
39580,fanny packs for women,B07TXRY43M,E
39580,fanny packs for women,B07RS88JVM,E
39580,fanny packs for women,B07RP4CZ7Q,S
39580,fanny packs for women,B07KSB5K8S,S
39580,fanny packs for women,B084HLCCSG,E
39580,fanny packs for women,B076PGGKTN,E
39580,fanny packs for women,B0743C1J7K,I
39580,fanny packs for women,B00W9BXLYA,E
39580,fanny packs for women,B00W9BX8XE,E
39580,fanny packs for women,B000S275N0,E
39580,fanny packs for women,B000GZD6DC,E
39580,fanny packs for women,B07D12L6ZS,E
39580,fanny packs for women,B07MHXC4Z2,S
39771,fathes,B088XSYQ67,E
39771,fathes,B088JYDZ2K,E
39771,fathes,B086BFBKXM,E
39771,fathes,B085MPSKG5,E
39771,fathes,B07Y47158C,E
39771,fathes,B07Q9Z1PB2,E
39771,fathes,B07NQWRNYK,E
39771,fathes,B08BJDGRCX,E
39771,fathes,B079TKHH19,I
39771,fathes,B071GMSTYC,E
39771,fathes,B071DZY6QC,E
39771,fathes,B01GIZAKWS,E
39771,fathes,B00AF29H34,I
39771,fathes,B002SKU1EK,E
39771,fathes,1984848127,E
39771,fathes,B079VF92W5,E
40524,fire works,B07KXVWSYB,E
40524,fire works,B088H5D3S6,E
40524,fire works,B082CSB1GC,E
40524,fire works,B07Z6CNYMS,E
40524,fire works,B07TLL1H7F,I
40524,fire works,B07ST28C4P,I
40524,fire works,B07P8WCV8J,E
40524,fire works,B07H65SVNB,S
40524,fire works,B00820STKI,E
40524,fire works,B0792LVBH2,I
40524,fire works,B01D8SF4GA,C
40524,fire works,B017GU6YWO,S
40524,fire works,B00IA4VUQQ,I
40524,fire works,B008LM32QS,C
40524,fire works,0879475420,I
40524,fire works,B07GZSCVNW,E
41458,"floral table linens 34""",B07D7VF3K7,S
41458,"floral table linens 34""",B07SWJQ92H,S
41458,"floral table linens 34""",B07Q4SBV2Z,S
41458,"floral table linens 34""",B07H4M2S3Q,S
41458,"floral table linens 34""",B07GDJWZQ5,S
41458,"floral table linens 34""",B07DCDZDZL,S
41458,"floral table linens 34""",B07D9D4CY2,E
41458,"floral table linens 34""",B07WFXQHZ4,S
41458,"floral table linens 34""",B07D32V65Q,S
41458,"floral table linens 34""",B077MFWH42,E
41458,"floral table linens 34""",B077MDH8PP,S
41458,"floral table linens 34""",B075JDZ1S9,S
41458,"floral table linens 34""",B073GR6X45,E
41458,"floral table linens 34""",B005EMQVWU,E
41458,"floral table linens 34""",B077PNGH6L,E
41458,"floral table linens 34""",B01MUA52KJ,S
41465,florence ballard supreme,B07CNC32B8,S
41465,florence ballard supreme,B075H4N4M3,S
41465,florence ballard supreme,B071LQPJXR,S
41465,florence ballard supreme,B06XD4F4YK,S
41465,florence ballard supreme,B01K8MVZMG,E
41465,florence ballard supreme,B000QUXQNM,S
41465,florence ballard supreme,B00MNPBGWG,E
41465,florence ballard supreme,B00DY9WWV4,S
41465,florence ballard supreme,B00005ARS8,E
41465,florence ballard supreme,B00004WJHO,S
41465,florence ballard supreme,B01G4CXJ46,E
42030,football gloves kids,B07YJ51BN9,E
42030,football gloves kids,B07VTN13QF,S
42030,football gloves kids,B07V33D5F7,E
42030,football gloves kids,B07DPKT1RF,E
42030,football gloves kids,B07DNYKZVL,E
42030,football gloves kids,B07CX55PR6,S
42030,football gloves kids,B079HTVH9M,E
42030,football gloves kids,B0797P9M5L,E
42030,football gloves kids,B077XPV2JN,E
42030,football gloves kids,B074PY6GTQ,E
42030,football gloves kids,B073Q8JHB6,E
42030,football gloves kids,B071F9KR9B,E
42030,football gloves kids,B0711SKC61,S
42030,football gloves kids,B00SLQLFYK,E
42030,football gloves kids,B003X3T85O,E
42030,football gloves kids,B077XPRTYC,E
42148,forever friends dog collar,B0767F1LGH,S
42148,forever friends dog collar,B084H25VM9,S
42148,forever friends dog collar,B07TJZWRZZ,C
42148,forever friends dog collar,B07SZGXHPY,S
42148,forever friends dog collar,B07DNLHCBR,S
42148,forever friends dog collar,B07C882N3W,S
42148,forever friends dog collar,B075G2GR2F,E
42148,forever friends dog collar,B07Y9XGBL1,S
42148,forever friends dog collar,B074JN4MSY,E
42148,forever friends dog collar,B073W8DJ7K,S
42148,forever friends dog collar,B073W8C6SR,S
42148,forever friends dog collar,B01M7MGDET,S
42148,forever friends dog collar,B0131E4KP2,S
42148,forever friends dog collar,B00HRQAUN2,S
42148,forever friends dog collar,B074JP41NG,E
42148,forever friends dog collar,B009I1MRIK,S
42200,formlabs form 3,B08MT3XBS6,S
42200,formlabs form 3,B097PJJQTT,S
42200,formlabs form 3,B08YVV7V7G,I
42200,formlabs form 3,B08TWQY6Y6,E
42200,formlabs form 3,B08S32JC4S,S
42200,formlabs form 3,B08R5R4FWG,S
42200,formlabs form 3,B08PKG2Q2W,S
42200,formlabs form 3,B08LYSZ55W,E
42200,formlabs form 3,B08JGH83VS,S
42200,formlabs form 3,B08F7L945C,S
42200,formlabs form 3,B086283SQJ,S
42200,formlabs form 3,B07ZR467YR,S
42200,formlabs form 3,B07K2ZHMRF,S
42200,formlabs form 3,B07GYRQVYV,S
42200,formlabs form 3,B077QLTFF4,S
42200,formlabs form 3,B01LZSUQKL,S
42235,fortnite boys shirts size 8,B083SNVXKB,S
42235,fortnite boys shirts size 8,B083S8MLVN,S
42235,fortnite boys shirts size 8,B07YNJ19K4,S
42235,fortnite boys shirts size 8,B07WHSJ34D,E
42235,fortnite boys shirts size 8,B07RRZ3SC3,S
42235,fortnite boys shirts size 8,B07NWPW4M5,S
42235,fortnite boys shirts size 8,B07NFT64CD,S
42235,fortnite boys shirts size 8,B07LFL4SBJ,E
42235,fortnite boys shirts size 8,B07L6LZR1K,E
42235,fortnite boys shirts size 8,B07KYW4WQD,S
42235,fortnite boys shirts size 8,B07K6PQBDC,S
42235,fortnite boys shirts size 8,B07GCW9CBC,S
42235,fortnite boys shirts size 8,B07GC831XG,S
42235,fortnite boys shirts size 8,B00UQVNI2A,S
42235,fortnite boys shirts size 8,B0085JI86G,S
42235,fortnite boys shirts size 8,B07GH4RR6G,S
42280,foster dog mom shirt,B07R27BDSX,E
42280,foster dog mom shirt,B0876NFYNF,I
42280,foster dog mom shirt,B085MZH547,E
42280,foster dog mom shirt,B084F582GC,S
42280,foster dog mom shirt,B081JCJ9S5,S
42280,foster dog mom shirt,B07WJJHXWJ,S
42280,foster dog mom shirt,B07SW1FZHZ,S
42280,foster dog mom shirt,B07PD1CT53,S
42280,foster dog mom shirt,B07H4LSNY5,E
42280,foster dog mom shirt,B07ND6BXG5,S
42280,foster dog mom shirt,B07MRLW45C,S
42280,foster dog mom shirt,B07DV1XWVC,I
42280,foster dog mom shirt,B07DHC5JFS,S
42280,foster dog mom shirt,B078YNND2C,E
42280,foster dog mom shirt,B01F7NDV32,I
42280,foster dog mom shirt,B07P3LTDTQ,S
42486,free prime novels,B08DRLCPKS,E
42486,free prime novels,B08DP5FFRW,E
42486,free prime novels,B08DKZZXPL,E
42486,free prime novels,B08CBHC37G,E
42486,free prime novels,B08BFMTZXC,E
42486,free prime novels,B089S81RPW,E
42486,free prime novels,B07MV8SWZF,E
42486,free prime novels,B07B2V6V23,E
42486,free prime novels,B00XU6Y58O,I
42486,free prime novels,B004JN1CGU,I
42486,free prime novels,B004IE9QOA,E
42486,free prime novels,0991301870,I
42486,free prime novels,052557977X,I
42486,free prime novels,0307889246,E
42486,free prime novels,0062276743,E
42486,free prime novels,B005ALXOM0,I
42918,frye key fob,B07QC95Y7N,I
42918,frye key fob,B07WFG4ZDD,I
42918,frye key fob,B07XKWJKVB,I
42918,frye key fob,B07XKWJYLV,I
42918,frye key fob,B07XPF3H9M,S
42918,frye key fob,B07XYWX647,I
42918,frye key fob,B07YQRLCS7,I
42918,frye key fob,B082F8WMCH,I
42918,frye key fob,B082F8WZGT,I
42918,frye key fob,B082F9LGQQ,I
42918,frye key fob,B082F99XHJ,I
42918,frye key fob,B082F9C8M2,I
42918,frye key fob,B07P4Q7DJ2,I
42918,frye key fob,B082MCH3KN,I
42918,frye key fob,B08BWWT4V7,I
42918,frye key fob,B08D89MG6Z,I
42918,frye key fob,B08D89Z5WC,I
42918,frye key fob,B08D8BCM8R,I
42918,frye key fob,B08D8BJP1S,I
42918,frye key fob,B082F96SWN,E
42918,frye key fob,B07P2JR8K3,I
42918,frye key fob,B07XPXF3H6,I
42918,frye key fob,B07P1DTBR4,I
42918,frye key fob,B07P2JR8K2,I
42918,frye key fob,B07T59ST1P,I
42918,frye key fob,B07VMT6NM3,I
42918,frye key fob,B07XM9FV3Z,I
42918,frye key fob,B07XYQQG7W,I
42918,frye key fob,B00KTHUTRI,S
42918,frye key fob,B00MR5XNO6,I
42918,frye key fob,B00R39J31I,I
42918,frye key fob,B01C68GE0I,I
42918,frye key fob,B06WLGZM76,I
42918,frye key fob,B00TKH6ZIA,I
42918,frye key fob,B07CVSFGP6,I
42918,frye key fob,B07NZ8GTHH,I
42918,frye key fob,B07N841VTW,I
42918,frye key fob,B0759XV6JH,E
42918,frye key fob,B07KD5QL5N,I
42918,frye key fob,B07DYVYDRN,I
42918,frye key fob,B07KD9GYMG,I
42918,frye key fob,B07D49MTDK,E
42918,frye key fob,B07D499SVP,E
42918,frye key fob,B07D49YNDS,I
43529,funny bike horn,B078N567HV,E
43529,funny bike horn,B07T2HJK9K,E
43529,funny bike horn,B07QYYKFQ7,E
43529,funny bike horn,B07L2QX255,S
43529,funny bike horn,B07HD395Q8,E
43529,funny bike horn,B07YHTNXKM,E
43529,funny bike horn,B078M38JP2,S
43529,funny bike horn,B07DCVN728,S
43529,funny bike horn,B06XCXN46Z,E
43529,funny bike horn,B01M5DCGNZ,E
43529,funny bike horn,B01BGWN8GI,S
43529,funny bike horn,B009GN6YHU,E
43529,funny bike horn,B00642W1LE,E
43529,funny bike horn,B001DIQTRG,E
43529,funny bike horn,B000WY3Q8C,E
43529,funny bike horn,B0778S7RR9,S
43944,galaxy j3 emerge clear case,B07DYM4SST,I
43944,galaxy j3 emerge clear case,B07TKV54ZV,S
43944,galaxy j3 emerge clear case,B07SJM4WL1,S
43944,galaxy j3 emerge clear case,B07PJ8N8FP,S
43944,galaxy j3 emerge clear case,B07NQC8HDK,E
43944,galaxy j3 emerge clear case,B07J65HNDC,S
43944,galaxy j3 emerge clear case,B07DL8XGQ7,S
43944,galaxy j3 emerge clear case,B07DQTN3ZZ,S
43944,galaxy j3 emerge clear case,B07C7NNQM6,E
43944,galaxy j3 emerge clear case,B07CMQ9XT8,S
43944,galaxy j3 emerge clear case,B078JMJWHZ,E
43944,galaxy j3 emerge clear case,B073YKGBGQ,S
43944,galaxy j3 emerge clear case,B071JTSDM6,S
43944,galaxy j3 emerge clear case,B071HNCH9Y,E
43944,galaxy j3 emerge clear case,B06XCBXXK4,S
43944,galaxy j3 emerge clear case,B01MUE8K07,E
44007,galaxy s4 case,B01FJ8X694,E
44007,galaxy s4 case,B081ZMXR5J,S
44007,galaxy s4 case,B07QFLJDH9,E
44007,galaxy s4 case,B07LG4B7VC,S
44007,galaxy s4 case,B07HFBF2XM,S
44007,galaxy s4 case,B07CN179F3,E
44007,galaxy s4 case,B07C6MCP13,S
44007,galaxy s4 case,B019IMCQY8,E
44007,galaxy s4 case,B00INRH9N8,E
44007,galaxy s4 case,B00N1G35N4,E
44007,galaxy s4 case,B00JYZPQI8,E
44007,galaxy s4 case,B0115820EE,E
44007,galaxy s4 case,B00H39FFHY,E
44007,galaxy s4 case,B00FFZD2NW,E
44007,galaxy s4 case,B00FAY7SBA,E
44007,galaxy s4 case,B00C96CGN2,E
44496,garmin forerunner 735xt band replacement,B07PQWDP97,E
44496,garmin forerunner 735xt band replacement,B07QTWYQMG,E
44496,garmin forerunner 735xt band replacement,B07SRTC234,S
44496,garmin forerunner 735xt band replacement,B07SRTCP8C,C
44496,garmin forerunner 735xt band replacement,B08132H3Z6,E
44496,garmin forerunner 735xt band replacement,B07SY7WXVQ,E
44496,garmin forerunner 735xt band replacement,B07W6J8BPV,E
44496,garmin forerunner 735xt band replacement,B083BTN67C,E
44496,garmin forerunner 735xt band replacement,B07SW3NY3B,E
44496,garmin forerunner 735xt band replacement,B07JYZYDVH,E
44496,garmin forerunner 735xt band replacement,B07XCLRN6F,E
44496,garmin forerunner 735xt band replacement,B07FKDGZRQ,E
44496,garmin forerunner 735xt band replacement,B07G99H2BQ,C
44496,garmin forerunner 735xt band replacement,B01G2GNIQS,E
44496,garmin forerunner 735xt band replacement,B01J0RX6DQ,E
44496,garmin forerunner 735xt band replacement,B0749HSX1Y,E
44496,garmin forerunner 735xt band replacement,B019L2CF9G,S
44496,garmin forerunner 735xt band replacement,B076ZBQSWN,E
44496,garmin forerunner 735xt band replacement,B07CNNZR6H,E
44496,garmin forerunner 735xt band replacement,B07CY1MZMC,S
44496,garmin forerunner 735xt band replacement,B075QDZPZT,E
44821,gemerry lash extensions,B07XFQJY7C,S
44821,gemerry lash extensions,B07XQZJ32N,E
44821,gemerry lash extensions,B07XY13XR9,S
44821,gemerry lash extensions,B07Y3B3DSD,E
44821,gemerry lash extensions,B081J1JQV2,S
44821,gemerry lash extensions,B08396KDST,S
44821,gemerry lash extensions,B08CDP6ZP9,E
44821,gemerry lash extensions,B095NYW62V,S
44821,gemerry lash extensions,B08Y5J6ZDD,S
44821,gemerry lash extensions,B08YJR6LG9,C
44821,gemerry lash extensions,B09BPW5W51,E
44821,gemerry lash extensions,B09BV6MZM1,E
44821,gemerry lash extensions,B09C1D51BD,E
44821,gemerry lash extensions,B09JG2X2YL,E
44821,gemerry lash extensions,B07W121HMD,S
44821,gemerry lash extensions,B08MTVV261,S
44821,gemerry lash extensions,B07VPJ84B2,E
44821,gemerry lash extensions,B07X8ZHV7M,S
44821,gemerry lash extensions,B07TT3R933,E
44821,gemerry lash extensions,B07VCRT9CX,S
44821,gemerry lash extensions,B00YL9BV4K,S
44821,gemerry lash extensions,B0183GY6RU,S
44821,gemerry lash extensions,B01AHJ0E2C,S
44821,gemerry lash extensions,B01HA9CGJQ,S
44821,gemerry lash extensions,B072JGMYFQ,E
44821,gemerry lash extensions,B074194DF9,C
44821,gemerry lash extensions,B0752RQ99F,S
44821,gemerry lash extensions,B06XPZXRTG,S
44821,gemerry lash extensions,B079GKC3KL,E
44821,gemerry lash extensions,B07GF5198L,S
44821,gemerry lash extensions,B07HF93323,S
44821,gemerry lash extensions,B07KF8P1BD,S
44821,gemerry lash extensions,B07QW5WGPD,S
44821,gemerry lash extensions,B07SZSQGBK,S
44821,gemerry lash extensions,B07T8YFTM6,S
44821,gemerry lash extensions,B075WRD47F,S
45003,german shepherd baby clothes,B083QSFJ9K,S
45003,german shepherd baby clothes,B07TLZ1QD4,E
45003,german shepherd baby clothes,B07Q61BYGM,E
45003,german shepherd baby clothes,B07MNC1S5J,E
45003,german shepherd baby clothes,B07M6BRNM2,E
45003,german shepherd baby clothes,B07K91RHYT,E
45003,german shepherd baby clothes,B07BTN4TXH,E
45003,german shepherd baby clothes,B0797LV1T9,S
45003,german shepherd baby clothes,B071WLRPVJ,S
45003,german shepherd baby clothes,B071R7KK98,I
45003,german shepherd baby clothes,B01IOLZR1I,E
45003,german shepherd baby clothes,B01FT0ANOS,E
45003,german shepherd baby clothes,B00SUEC1NW,I
45553,girls clothes 2t 3t,B07G5Z1FWR,I
45553,girls clothes 2t 3t,B0899HV5YR,E
45553,girls clothes 2t 3t,B088BYP3VY,E
45553,girls clothes 2t 3t,B0834N37SK,E
45553,girls clothes 2t 3t,B07QHFT41N,I
45553,girls clothes 2t 3t,B07PVY7C7T,E
45553,girls clothes 2t 3t,B07K8LTNQW,I
45553,girls clothes 2t 3t,B0755QP6X5,I
45553,girls clothes 2t 3t,B017NT2314,I
45553,girls clothes 2t 3t,B01MFGYG6L,E
45553,girls clothes 2t 3t,B01DYK3Q8A,I
45553,girls clothes 2t 3t,B013ERR63Y,I
45553,girls clothes 2t 3t,B00XJX2G6Q,I
45553,girls clothes 2t 3t,B00MCNB82C,I
45553,girls clothes 2t 3t,B0056H9CX8,I
45553,girls clothes 2t 3t,B01NCZ49M3,I
46101,glucometer without strips,B08DXNC949,E
46101,glucometer without strips,B088C3GF9T,I
46101,glucometer without strips,B081ZY1LHV,I
46101,glucometer without strips,B07Z9N65F8,E
46101,glucometer without strips,B07PQ8WTC4,I
46101,glucometer without strips,B07VB22PNT,S
46101,glucometer without strips,B07TVLNL4Q,S
46101,glucometer without strips,B07YVGZPRZ,I
46101,glucometer without strips,B08G5BZQVL,E
46101,glucometer without strips,B07MPCX4DZ,I
46101,glucometer without strips,B099K1QP76,E
46101,glucometer without strips,B08L473F6W,C
46101,glucometer without strips,B08NDV9KJ7,I
46101,glucometer without strips,B08PW4D7WM,S
46101,glucometer without strips,B08S6TRYJC,E
46101,glucometer without strips,B08XH27X76,S
46101,glucometer without strips,B093B6B15H,I
46101,glucometer without strips,B095WNFXJ9,S
46101,glucometer without strips,B08G5CW8RF,I
46101,glucometer without strips,B07HM4XVTR,E
46101,glucometer without strips,B01M69KOIO,I
46101,glucometer without strips,B07G3BNXR6,S
46101,glucometer without strips,B07GR6SKTS,I
46101,glucometer without strips,B0026IBZSK,I
46101,glucometer without strips,B006CSQXLO,I
46101,glucometer without strips,B007Z0XULY,S
46101,glucometer without strips,B00CJAVTJA,E
46101,glucometer without strips,B00O9BU0VK,E
46101,glucometer without strips,B01CV2WJS0,I
46101,glucometer without strips,B01N704MMD,I
46101,glucometer without strips,B06WV7DYR4,E
46101,glucometer without strips,B01C5QS1T8,I
46101,glucometer without strips,B0727VTQGC,C
46101,glucometer without strips,B07CF8C4VX,E
46101,glucometer without strips,B079XXNBF3,I
46101,glucometer without strips,B0794DFH6F,S
46101,glucometer without strips,B078YGC2XQ,I
46101,glucometer without strips,B06Y2FFQB9,C
46101,glucometer without strips,B074ZN3H2Z,I
46101,glucometer without strips,B074M663HX,S
46101,glucometer without strips,B075VD1JTW,I
46134,gluten free lemon cookie,B07RYNSDVV,E
46134,gluten free lemon cookie,B07QF1Q6PC,E
46134,gluten free lemon cookie,B07NQS1X6R,E
46134,gluten free lemon cookie,B07MZ9YY8Y,S
46134,gluten free lemon cookie,B07JLMVB9K,E
46134,gluten free lemon cookie,B06WVMGBX6,E
46134,gluten free lemon cookie,B01EHTDDIA,E
46134,gluten free lemon cookie,B082LR2Q81,S
46134,gluten free lemon cookie,B013Q03CIW,S
46134,gluten free lemon cookie,B00WFDNHMI,E
46134,gluten free lemon cookie,B00QBNB39W,E
46134,gluten free lemon cookie,B00ODQKL2Y,E
46134,gluten free lemon cookie,B00KOBG1C6,E
46134,gluten free lemon cookie,B000FNEX8C,E
46134,gluten free lemon cookie,B000EVKHQM,S
46134,gluten free lemon cookie,B017BHC7SW,S
46519,gold towel stand,B07X9QF4Z2,E
46519,gold towel stand,B07X52FKSZ,S
46519,gold towel stand,B07WSK5BCC,I
46519,gold towel stand,B07TYS8GCG,S
46519,gold towel stand,B07T98LGG9,E
46519,gold towel stand,B07R5YJLMD,E
46519,gold towel stand,B07PF2MKLX,S
46519,gold towel stand,B083HTM3NS,E
46519,gold towel stand,B07MPRZBRZ,E
46519,gold towel stand,B07JGN1ZLN,E
46519,gold towel stand,B07CSFG5KM,I
46519,gold towel stand,B0753QFTKX,S
46519,gold towel stand,B073Q66Y6B,S
46519,gold towel stand,B071HNS2ZD,S
46519,gold towel stand,B01JPC0J68,S
46519,gold towel stand,B07N4QFFT6,E
47298,green dress bobs burgers,B07PRD7XNC,E
47298,green dress bobs burgers,B07MNPB8C7,E
47298,green dress bobs burgers,B07M66813T,E
47298,green dress bobs burgers,B07H4N6SHY,I
47298,green dress bobs burgers,B07CM5G5WN,E
47298,green dress bobs burgers,B07BWQHRN9,S
47298,green dress bobs burgers,B0756LWBXR,E
47298,green dress bobs burgers,B0746G5M2W,E
47298,green dress bobs burgers,B073W94VDZ,E
47298,green dress bobs burgers,B0728GX2L5,I
47298,green dress bobs burgers,B06XZ567Y2,E
47298,green dress bobs burgers,B01MY9QMGX,E
47298,green dress bobs burgers,B00U5JRR8E,I
47298,green dress bobs burgers,B00JTYPTKE,E
47298,green dress bobs burgers,B00BBW7T6E,S
47298,green dress bobs burgers,B0739RYSXX,E
47399,green zone dvd,B06Y1QWX8D,E
47399,green zone dvd,B06XYRSRNB,S
47399,green zone dvd,B00HURFKRE,S
47399,green zone dvd,B00GHFIHI4,I
47399,green zone dvd,B00AQ67K6A,E
47399,green zone dvd,B007BLPGPA,E
47399,green zone dvd,B0053CATNS,S
47399,green zone dvd,B0053C9RPE,S
47399,green zone dvd,B0053C80UW,I
47399,green zone dvd,B003K05DQS,E
47399,green zone dvd,B002ZG97RE,E
47399,green zone dvd,B0053CBQ5I,I
47605,griots random orbital,B07ZP4JLQ5,S
47605,griots random orbital,B07W2242W5,S
47605,griots random orbital,B07T9RTRNY,S
47605,griots random orbital,B07PJZDTHM,S
47605,griots random orbital,B07JDK8JVN,S
47605,griots random orbital,B07FT8X3KQ,E
47605,griots random orbital,B01N95SD9I,S
47605,griots random orbital,B01BKT63LY,S
47605,griots random orbital,B00X608RJ2,C
47605,griots random orbital,B0042KMWBO,E
47605,griots random orbital,B0042KL7OM,E
47605,griots random orbital,B003UW1IQU,S
47605,griots random orbital,B002KRBD98,S
47605,griots random orbital,B002EQ96MG,S
47605,griots random orbital,B002654I46,S
47605,griots random orbital,B00BV1B1JG,S
47930,guilt sets queens,B07QMW34LD,S
47930,guilt sets queens,B07QH55F7D,E
47930,guilt sets queens,B07P86KB3P,E
47930,guilt sets queens,B07H5JBG2V,S
47930,guilt sets queens,B07C5PRSS2,I
47930,guilt sets queens,B07BWCV7NR,E
47930,guilt sets queens,B079BZLTZ9,I
47930,guilt sets queens,B07RGXLTMS,E
47930,guilt sets queens,B06VWVWSNC,E
47930,guilt sets queens,B01N6UFD4S,E
47930,guilt sets queens,B01M14L2G6,S
47930,guilt sets queens,B01EZBRBUG,E
47930,guilt sets queens,B01DAHDQX2,S
47930,guilt sets queens,B01CKNEGH2,E
47930,guilt sets queens,B01BWAC3LU,S
47930,guilt sets queens,B078NJHDDR,S
48372,hair oil fructis,B07SPVGGVK,I
48372,hair oil fructis,B078PKKMTJ,S
48372,hair oil fructis,B07PGPKW57,S
48372,hair oil fructis,B07PCX5Q65,E
48372,hair oil fructis,B07BVX48R3,S
48372,hair oil fructis,B07BVVPNY1,E
48372,hair oil fructis,B078PJCVSQ,E
48372,hair oil fructis,B07BYDC57R,E
48372,hair oil fructis,B074D8V3P2,E
48372,hair oil fructis,B078PJ4751,S
48372,hair oil fructis,B006J44BSI,S
48372,hair oil fructis,B008DF6XB4,E
48372,hair oil fructis,B000GCRABY,E
48372,hair oil fructis,B00LNG1KW2,E
48372,hair oil fructis,B00I4BMEWY,E
48372,hair oil fructis,B01MDTWC48,E
48376,hair peroxide 40 volume,B07L1BX7BV,S
48376,hair peroxide 40 volume,B071ZNMSJF,S
48376,hair peroxide 40 volume,B071FP6X1H,E
48376,hair peroxide 40 volume,B010RL3L20,S
48376,hair peroxide 40 volume,B00TP1IZDE,E
48376,hair peroxide 40 volume,B00FKW2BHI,S
48376,hair peroxide 40 volume,B00C7W5L44,E
48376,hair peroxide 40 volume,B00FKVYCHQ,E
48376,hair peroxide 40 volume,B004OKDW20,S
48376,hair peroxide 40 volume,B004FW0FE0,S
48376,hair peroxide 40 volume,B000A3ZN7W,S
48376,hair peroxide 40 volume,B000A3ZN7M,S
48376,hair peroxide 40 volume,B0009R35GA,E
48376,hair peroxide 40 volume,B0007CZB32,S
48376,hair peroxide 40 volume,B0002Z916W,E
48376,hair peroxide 40 volume,B00A5ET16A,S
48400,hair scissors,B086PK7S9Q,E
48400,hair scissors,B08737K3WY,E
48400,hair scissors,B086WRCZK5,E
48400,hair scissors,B086VSZWJ7,E
48400,hair scissors,B086RGCRBN,E
48400,hair scissors,B086PNBLP9,E
48400,hair scissors,B086PMVWYW,E
48400,hair scissors,B086P2ZWB3,E
48400,hair scissors,B0722K651D,E
48400,hair scissors,B086DNKS9F,S
48400,hair scissors,B084SQ2X37,E
48400,hair scissors,B07LBF6SKB,E
48400,hair scissors,B07B3VX5DL,E
48400,hair scissors,B086MWKRMC,S
48400,hair scissors,B00KVYBY8M,E
48400,hair scissors,B00KV5E6AY,E
48595,halloween gift basket,B0797MPPZ3,S
48595,halloween gift basket,B07CTSSH3M,S
48595,halloween gift basket,B07GVB31YS,E
48595,halloween gift basket,B07J5B7SS5,E
48595,halloween gift basket,B07NQRLP3M,S
48595,halloween gift basket,B07NSJYL72,S
48595,halloween gift basket,B07P1DGZ26,S
48595,halloween gift basket,B07PDTMQYZ,S
48595,halloween gift basket,B07S3W1S42,S
48595,halloween gift basket,B07PSKGDQP,S
48595,halloween gift basket,B07S1N3HV6,S
48595,halloween gift basket,B07SR615RQ,S
48595,halloween gift basket,B07YF4XJR9,E
48595,halloween gift basket,B07YXJF24B,E
48595,halloween gift basket,B07YYNMP7H,I
48595,halloween gift basket,B081SNVCN4,S
48595,halloween gift basket,B075NTBTT8,E
48595,halloween gift basket,B07PKJXZJV,S
48595,halloween gift basket,B072BPPSCF,S
48595,halloween gift basket,B01ATWI17W,I
48595,halloween gift basket,B01N22CM3F,S
48595,halloween gift basket,B000WL39JQ,I
48595,halloween gift basket,B003WGQHQ0,I
48595,halloween gift basket,B004D9XYWU,S
48595,halloween gift basket,B005I2CF2Q,S
48595,halloween gift basket,B0060Z7MCS,S
48595,halloween gift basket,B01NAX9P7S,S
48595,halloween gift basket,B00SBT6E8E,S
48595,halloween gift basket,B010CARY4W,E
48595,halloween gift basket,B00KWR6G4A,S
48595,halloween gift basket,B016762N64,E
48595,halloween gift basket,B01EAG3VZA,S
48595,halloween gift basket,B01LO9232S,S
48595,halloween gift basket,B01LWMWTD0,S
48595,halloween gift basket,B01M07URD4,E
48595,halloween gift basket,B01MD1CCTT,S
48595,halloween gift basket,B01MY9L0J3,S
48595,halloween gift basket,B01136INBW,S
48678,halo float pillow,B085W8YXZS,E
48678,halo float pillow,B081VRKZFT,I
48678,halo float pillow,B07SLRC63M,E
48678,halo float pillow,B07P6MZPK3,I
48678,halo float pillow,B073ZJYKH9,E
48678,halo float pillow,B071VG5DYT,E
48678,halo float pillow,B071LPXN44,E
48678,halo float pillow,B083TCLCJS,I
48678,halo float pillow,B00IVLIW5K,I
48678,halo float pillow,B00HIWWB32,I
48678,halo float pillow,B00CMH62Y2,I
48678,halo float pillow,B00BPDFF3I,I
48678,halo float pillow,B00AY2KDS8,I
48678,halo float pillow,B00A2F7JBG,I
48678,halo float pillow,B01MT8ZUPL,I
48678,halo float pillow,B0032JSQ52,S
48820,hand fast cord,B07PYLT6DN,I
48820,hand fast cord,B07Q44S9BT,I
48820,hand fast cord,B07K2HBB1H,I
48820,hand fast cord,B07JQJ8HV9,I
48820,hand fast cord,B07H39S9JQ,I
48820,hand fast cord,B07F2RTN5Z,I
48820,hand fast cord,B07CB6RBSP,I
48820,hand fast cord,B07MW3B7KB,I
48820,hand fast cord,B01MZEEFNX,I
48820,hand fast cord,B01M4Q8VPC,E
48820,hand fast cord,B01H2DG1SW,I
48820,hand fast cord,B00IJ0ALYS,I
48820,hand fast cord,B006V6YAPI,I
48820,hand fast cord,B005NNF0YU,I
48820,hand fast cord,B0002KWBJ6,I
48820,hand fast cord,B078MMCV3G,I
48937,handmade industrial furniture,B081GBNHND,S
48937,handmade industrial furniture,B081NP3W4C,E
48937,handmade industrial furniture,B0834JX5P3,E
48937,handmade industrial furniture,B08396RMDQ,E
48937,handmade industrial furniture,B0839C4685,E
48937,handmade industrial furniture,B083J5S346,E
48937,handmade industrial furniture,B086H9G5JX,E
48937,handmade industrial furniture,B086ZV4CQ3,S
48937,handmade industrial furniture,B0894955GR,E
48937,handmade industrial furniture,B08DYDLPYB,S
48937,handmade industrial furniture,B08B5R48SG,E
48937,handmade industrial furniture,B08C2B6775,E
48937,handmade industrial furniture,B08JMCN229,S
48937,handmade industrial furniture,B08LVTZX7W,E
48937,handmade industrial furniture,B08NDNJTL4,E
48937,handmade industrial furniture,B08VDC4MBC,S
48937,handmade industrial furniture,B08W52NN3M,E
48937,handmade industrial furniture,B093F5K4RG,E
48937,handmade industrial furniture,B089Q1MJJN,E
48937,handmade industrial furniture,B07Y1K34C6,E
48937,handmade industrial furniture,B0776TCBLL,I
48937,handmade industrial furniture,B07VNXL2YN,E
48937,handmade industrial furniture,1849758611,I
48937,handmade industrial furniture,B01MV3DEAA,E
48937,handmade industrial furniture,B06XCPZSXJ,S
48937,handmade industrial furniture,B06Y5JR451,E
48937,handmade industrial furniture,B074MTMZL6,E
48937,handmade industrial furniture,B07X973LP9,E
48937,handmade industrial furniture,B0779K5WYT,E
48937,handmade industrial furniture,B07C3PMW1T,S
48937,handmade industrial furniture,B07CV9S68C,S
48937,handmade industrial furniture,B07G5FVTF1,E
48937,handmade industrial furniture,B07J64F532,S
48937,handmade industrial furniture,B07NC836DW,E
48937,handmade industrial furniture,B07NC8KQHH,E
48937,handmade industrial furniture,B07PRKRLGH,S
48937,handmade industrial furniture,B07RGLW1CW,S
48937,handmade industrial furniture,B07SKMGNH3,E
48937,handmade industrial furniture,B07VC32W6K,E
48937,handmade industrial furniture,B07F8J8QH6,E
48950,hands land,B07SMBS46P,I
48950,hands land,B08BMY428X,I
48950,hands land,B087TPVL6W,I
48950,hands land,B086WTB441,E
48950,hands land,B0829LGMWH,I
48950,hands land,B07YHSWGKG,I
48950,hands land,B07Y8W993Y,I
48950,hands land,B07MKSHFRG,E
48950,hands land,B0037L4B2M,I
48950,hands land,B07FZ1CCXN,E
48950,hands land,B078G4TSN5,I
48950,hands land,B075XK6771,I
48950,hands land,B07226MXQF,I
48950,hands land,B06VSD62HZ,I
48950,hands land,B01N9HQKK9,I
48950,hands land,B07M6LXZTK,I
49724,headless horseman,B07C335CJ7,E
49724,headless horseman,B08CD2NRCS,I
49724,headless horseman,B07ZDM4583,E
49724,headless horseman,B07W8SG8Y8,I
49724,headless horseman,B07RKY8PY9,E
49724,headless horseman,B07GDJN11K,E
49724,headless horseman,B07DP64R5M,E
49724,headless horseman,B07BD5YL3W,I
49724,headless horseman,1499759967,E
49724,headless horseman,B01MY719ML,I
49724,headless horseman,B010N7TXP2,E
49724,headless horseman,B00AALY4PG,I
49724,headless horseman,B008Q62MIS,E
49724,headless horseman,B004UHU8I8,E
49724,headless horseman,B000RJ027K,E
49724,headless horseman,B077Y8N97K,E
50210,henna cones,B088KR4FXF,S
50210,henna cones,B0878HMW4N,E
50210,henna cones,B08392XHNB,S
50210,henna cones,B0834XMXPZ,S
50210,henna cones,B082NPKNSJ,S
50210,henna cones,B082H1PLNF,S
50210,henna cones,B07VC29N4K,S
50210,henna cones,B088SSTM54,E
50210,henna cones,B07Q9YPYDG,E
50210,henna cones,B07MMZ8Y1V,S
50210,henna cones,B07J2M9K8B,S
50210,henna cones,B07CHHCQY8,S
50210,henna cones,B00D5ZPX36,E
50210,henna cones,B006K3TZS4,C
50210,henna cones,1497200709,S
50210,henna cones,B07V8GQXVW,S
50492,high heel clog mule women comfortable size 9,B07NP41MD3,E
50492,high heel clog mule women comfortable size 9,B07MBQRLTF,S
50492,high heel clog mule women comfortable size 9,B07HHDT1MJ,S
50492,high heel clog mule women comfortable size 9,B07FH8XPBT,S
50492,high heel clog mule women comfortable size 9,B0788HH5N1,S
50492,high heel clog mule women comfortable size 9,B077Y88DLY,S
50492,high heel clog mule women comfortable size 9,B077G7J2LN,S
50492,high heel clog mule women comfortable size 9,B073ZRT8G7,S
50492,high heel clog mule women comfortable size 9,B072M2W1KW,S
50492,high heel clog mule women comfortable size 9,B01NBK0NRS,S
50492,high heel clog mule women comfortable size 9,B01N5HKZZ3,S
50492,high heel clog mule women comfortable size 9,B01H71BTMW,S
50492,high heel clog mule women comfortable size 9,B0183YHRWS,E
50492,high heel clog mule women comfortable size 9,B014GMZ5LQ,S
50492,high heel clog mule women comfortable size 9,B004S9990Q,S
50492,high heel clog mule women comfortable size 9,B002N5BURM,S
50579,high waisted underwear for women,B07F15FCCX,E
50579,high waisted underwear for women,B07FF5X7CB,E
50579,high waisted underwear for women,B07GPKB7X9,E
50579,high waisted underwear for women,B07GZWGRKB,E
50579,high waisted underwear for women,B07H8BGKNW,E
50579,high waisted underwear for women,B07L914DCR,E
50579,high waisted underwear for women,B07JMJFP51,E
50579,high waisted underwear for women,B07S67NZFZ,E
50579,high waisted underwear for women,B07MZMH7LY,E
50579,high waisted underwear for women,B07PJ6WTHT,S
50579,high waisted underwear for women,B07C3MTK5R,E
50579,high waisted underwear for women,B07HZ2RV99,E
50579,high waisted underwear for women,B07C11P4VH,E
50579,high waisted underwear for women,B00HUS797M,E
50579,high waisted underwear for women,B076DMH5GS,E
50579,high waisted underwear for women,B076DMH7DF,E
50579,high waisted underwear for women,B000J45N4A,E
50579,high waisted underwear for women,B00HUS6YL4,E
50579,high waisted underwear for women,B00N0UD4UK,E
50579,high waisted underwear for women,B00SJ1QM3Q,E
50579,high waisted underwear for women,B00816OF38,E
50579,high waisted underwear for women,B017QFA0TC,E
50579,high waisted underwear for women,B01CI4C8J6,E
50579,high waisted underwear for women,B06XNL4YT7,E
50579,high waisted underwear for women,B072PR2HVS,E
50579,high waisted underwear for women,B076DM8BKS,E
50579,high waisted underwear for women,B015HS87JK,E
51002,home office chair without wheels,B093WBLH2J,S
51002,home office chair without wheels,B08R6VW3VW,E
51002,home office chair without wheels,B08TVWHCM7,I
51002,home office chair without wheels,B08XQKMNZF,E
51002,home office chair without wheels,B08Z3FQL9N,S
51002,home office chair without wheels,B08ZSRWJ6Y,S
51002,home office chair without wheels,B09157WPXD,S
51002,home office chair without wheels,B091YBYPN8,S
51002,home office chair without wheels,B094CVSZV2,I
51002,home office chair without wheels,B09CL2R833,E
51002,home office chair without wheels,B0957MZZWK,S
51002,home office chair without wheels,B0989W4RFN,S
51002,home office chair without wheels,B098XD4BRD,S
51002,home office chair without wheels,B09B2GNTMG,E
51002,home office chair without wheels,B09C6CPR6T,S
51002,home office chair without wheels,B09FSWLD1L,E
51002,home office chair without wheels,B09GM1QV78,I
51002,home office chair without wheels,B08R66CYGD,E
51002,home office chair without wheels,B09537VKDH,E
51002,home office chair without wheels,B08N6CW2DN,E
51002,home office chair without wheels,B00E97HEW2,S
51002,home office chair without wheels,B08LBJXVSP,I
51002,home office chair without wheels,B002FL3LTE,I
51002,home office chair without wheels,B004GJ2HVG,S
51002,home office chair without wheels,B08LQRC3GZ,S
51002,home office chair without wheels,B00IKBL2ZS,I
51002,home office chair without wheels,B00KUPS3JU,E
51002,home office chair without wheels,B00RI7EFAO,E
51002,home office chair without wheels,B077C8GFBY,E
51002,home office chair without wheels,B078XF47G4,E
51002,home office chair without wheels,B06W9LFDSW,S
51002,home office chair without wheels,B07SXDD4F1,I
51002,home office chair without wheels,B07WCW2J5J,S
51002,home office chair without wheels,B082CYHPJP,S
51002,home office chair without wheels,B0851D7Y5Z,S
51002,home office chair without wheels,B086MR5D5Q,E
51002,home office chair without wheels,B087M4QRWB,S
51002,home office chair without wheels,B087YLWWYP,S
51002,home office chair without wheels,B08FFTXQG6,S
51002,home office chair without wheels,B07SJ3ZMP4,S
51527,house on balloons,B08BC34P2L,I
51527,house on balloons,B089XZLMTB,E
51527,house on balloons,B0838XZXJC,I
51527,house on balloons,B081NY2PS1,S
51527,house on balloons,B081DZGRBC,S
51527,house on balloons,B07ZBF4F3B,I
51527,house on balloons,B07Y2W3V2V,S
51527,house on balloons,B07TYYWLZ6,I
51527,house on balloons,B07RTBHGS5,I
51527,house on balloons,B07481T6HJ,S
51527,house on balloons,B071XNF6J7,S
51527,house on balloons,B071KGM5HB,S
51527,house on balloons,B071DPM5KP,S
51527,house on balloons,B06XPDQ39Y,I
51527,house on balloons,B06XPB9BLC,I
51527,house on balloons,B077R3K6TB,E
51753,hp printer that uses 61 ink,B079NRZPTP,I
51753,hp printer that uses 61 ink,B07QR1GZ75,I
51753,hp printer that uses 61 ink,B07PZQHFYN,I
51753,hp printer that uses 61 ink,B07NSJHJFF,I
51753,hp printer that uses 61 ink,B07KX7B3TZ,I
51753,hp printer that uses 61 ink,B07GDHFLYC,I
51753,hp printer that uses 61 ink,B07DRRFWHK,I
51753,hp printer that uses 61 ink,B0799D4T89,I
51753,hp printer that uses 61 ink,B07588599F,I
51753,hp printer that uses 61 ink,B07997C366,I
51753,hp printer that uses 61 ink,B06XHXWB7B,I
51753,hp printer that uses 61 ink,B01HSADJIO,I
51753,hp printer that uses 61 ink,B01GAIU7HG,I
51753,hp printer that uses 61 ink,B013SKI4QA,I
51753,hp printer that uses 61 ink,B013SKI4EM,I
51753,hp printer that uses 61 ink,B00CIDQ470,E
52695,ideas for young adults for christmas,B07HQX1MDS,S
52695,ideas for young adults for christmas,B076PRWVFG,I
52695,ideas for young adults for christmas,B071FK9TFC,I
52695,ideas for young adults for christmas,B071D9J878,E
52695,ideas for young adults for christmas,B01N22CM3F,I
52695,ideas for young adults for christmas,B01N1JXQKJ,E
52695,ideas for young adults for christmas,B01LW9L9YR,I
52695,ideas for young adults for christmas,B07KDXWLHF,I
52695,ideas for young adults for christmas,B01EKB6DL4,S
52695,ideas for young adults for christmas,B01E4LWBLQ,I
52695,ideas for young adults for christmas,B004S8F7QM,I
52695,ideas for young adults for christmas,B002V7A7MQ,S
52695,ideas for young adults for christmas,B000FGECAI,I
52695,ideas for young adults for christmas,1492670022,I
52695,ideas for young adults for christmas,1454925647,I
52695,ideas for young adults for christmas,B01FST8A90,I
52789,ildefonso falcones italian,B07VY9XS59,E
52789,ildefonso falcones italian,B07ML5C379,I
52789,ildefonso falcones italian,B079T9V37Q,I
52789,ildefonso falcones italian,B077Y84D2Y,I
52789,ildefonso falcones italian,B0728N5H2R,I
52789,ildefonso falcones italian,B01J60GS0K,E
52789,ildefonso falcones italian,B01BX5ZCT4,I
52789,ildefonso falcones italian,B0106DZLL8,I
52789,ildefonso falcones italian,B00M97VL78,I
52789,ildefonso falcones italian,B00F3CLX7E,E
52789,ildefonso falcones italian,B0065NA42A,E
52789,ildefonso falcones italian,B0065N8U2Q,E
52789,ildefonso falcones italian,B014RB5DH2,I
52884,impact screwdriver,B07Z2P827Y,E
52884,impact screwdriver,B07W95GVSD,E
52884,impact screwdriver,B07R96M9VW,E
52884,impact screwdriver,B07QXX5V5J,E
52884,impact screwdriver,B07FDHGM6D,E
52884,impact screwdriver,B077D298R7,E
52884,impact screwdriver,B074Z5KNHK,E
52884,impact screwdriver,B074R2SXBM,S
52884,impact screwdriver,B06XD2XCJY,E
52884,impact screwdriver,B01LBT3AZU,S
52884,impact screwdriver,B01JKB1IRS,S
52884,impact screwdriver,B01F5XOFFM,E
52884,impact screwdriver,B00GMXFK3G,S
52884,impact screwdriver,B004QO9FK2,E
52884,impact screwdriver,B000NPPATS,E
52884,impact screwdriver,B0002NYDRG,E
53586,interested pool vacuum,B089NMTR98,E
53586,interested pool vacuum,B089141K4C,C
53586,interested pool vacuum,B08794Q43R,I
53586,interested pool vacuum,B083JH6BY1,E
53586,interested pool vacuum,B07YKRPYJH,C
53586,interested pool vacuum,B07TF6JXSG,I
53586,interested pool vacuum,B07T8639L1,E
53586,interested pool vacuum,B07Q7MRCSP,C
53586,interested pool vacuum,B07GH624S7,I
53586,interested pool vacuum,B074DRBMFB,I
53586,interested pool vacuum,B016H3T8EC,I
53586,interested pool vacuum,B004VTGKBO,C
53586,interested pool vacuum,B003UNHD4U,I
53586,interested pool vacuum,B0030BEF5C,C
53586,interested pool vacuum,B0002APXJQ,I
53586,interested pool vacuum,B076ZKQT4Y,I
53984,iphone 10 xs phone cover,B07Z2SP69D,I
53984,iphone 10 xs phone cover,B07VQY3CLK,I
53984,iphone 10 xs phone cover,B07TMF65NP,E
53984,iphone 10 xs phone cover,B07RGTJBY7,I
53984,iphone 10 xs phone cover,B07P9NLPNZ,I
53984,iphone 10 xs phone cover,B07P7RJ8TP,I
53984,iphone 10 xs phone cover,B07NWCVB5Q,I
53984,iphone 10 xs phone cover,B07MLWRGHF,I
53984,iphone 10 xs phone cover,B07GYMD6PR,E
53984,iphone 10 xs phone cover,B07GYH4417,E
53984,iphone 10 xs phone cover,B07GXRPCLF,I
53984,iphone 10 xs phone cover,B07F1NX1BD,E
53984,iphone 10 xs phone cover,B0753CXDZN,E
53984,iphone 10 xs phone cover,B074CMMCZM,E
53984,iphone 10 xs phone cover,B073TVN87X,E
53984,iphone 10 xs phone cover,B07HMZY9JS,I
54018,iphone 11 cases clear,B0881GV7QH,E
54018,iphone 11 cases clear,B083FBTKPY,E
54018,iphone 11 cases clear,B08112YF77,E
54018,iphone 11 cases clear,B07YJMJ2VB,E
54018,iphone 11 cases clear,B07WZMGHDJ,S
54018,iphone 11 cases clear,B07WW5CFMS,E
54018,iphone 11 cases clear,B07WQV3C7K,S
54018,iphone 11 cases clear,B07WLLTSNS,E
54018,iphone 11 cases clear,B07WCBXMB2,S
54018,iphone 11 cases clear,B07W45LXNX,E
54018,iphone 11 cases clear,B07VV5F86R,E
54018,iphone 11 cases clear,B07VR2N7WV,E
54018,iphone 11 cases clear,B07V9PFPMZ,E
54018,iphone 11 cases clear,B07T2NBLX9,E
54018,iphone 11 cases clear,B07QQZD49D,E
54018,iphone 11 cases clear,B07W4FMQ5Y,E
54381,iphone 8+ stick to glass case,B07KW9D5FS,E
54381,iphone 8+ stick to glass case,B088749DHF,E
54381,iphone 8+ stick to glass case,B07Y8GH4BY,S
54381,iphone 8+ stick to glass case,B07Y1R1FNP,E
54381,iphone 8+ stick to glass case,B07R4SKFDB,E
54381,iphone 8+ stick to glass case,B07QXY76KW,E
54381,iphone 8+ stick to glass case,B07KXMD32V,S
54381,iphone 8+ stick to glass case,B0756F1W57,S
54381,iphone 8+ stick to glass case,B01KNVY2FO,E
54381,iphone 8+ stick to glass case,B01M8NY99C,E
54381,iphone 8+ stick to glass case,B0713TZ8HN,S
54381,iphone 8+ stick to glass case,B01KF0FJX2,E
54381,iphone 8+ stick to glass case,B01KNVF4SI,E
54381,iphone 8+ stick to glass case,B01KF3JF3Y,E
54381,iphone 8+ stick to glass case,B01KV1DJ28,E
54381,iphone 8+ stick to glass case,B01KV1DJ1O,E
55348,jackolantern bucket in bulk,B07WXNLGMJ,S
55348,jackolantern bucket in bulk,B07WW2SV9Z,E
55348,jackolantern bucket in bulk,B07T3Z91P4,E
55348,jackolantern bucket in bulk,B07SZ8WDJ3,S
55348,jackolantern bucket in bulk,B07K7MG757,E
55348,jackolantern bucket in bulk,B07GSHLHRW,E
55348,jackolantern bucket in bulk,B07G1LW6J3,E
55348,jackolantern bucket in bulk,B07XQ34H1T,E
55348,jackolantern bucket in bulk,B075BLFNG3,S
55348,jackolantern bucket in bulk,B01I2QBSD6,E
55348,jackolantern bucket in bulk,B015T00WIU,S
55348,jackolantern bucket in bulk,B01256VXNO,I
55348,jackolantern bucket in bulk,B00NC90IE4,E
55348,jackolantern bucket in bulk,B00JU6OY70,E
55348,jackolantern bucket in bulk,B00ATJSD8I,I
55348,jackolantern bucket in bulk,B075FXNN5N,S
55414,jamie sadock sunsense men,B07ZM434GW,I
55414,jamie sadock sunsense men,B07ZM3P7NW,I
55414,jamie sadock sunsense men,B07ZM4CTKH,E
55414,jamie sadock sunsense men,B07MJGVH82,I
55414,jamie sadock sunsense men,B07ZM4S423,E
55414,jamie sadock sunsense men,B07ZQ4B8ST,I
55414,jamie sadock sunsense men,B07ZM4HK6L,E
55414,jamie sadock sunsense men,B07ZM3MK6R,I
55414,jamie sadock sunsense men,B074KGDTRH,I
55414,jamie sadock sunsense men,B07SPDBLPN,I
55414,jamie sadock sunsense men,B0774HK7GX,I
55414,jamie sadock sunsense men,B075XG293R,S
55414,jamie sadock sunsense men,B07VD3HH7S,I
55414,jamie sadock sunsense men,B072813HRW,I
55414,jamie sadock sunsense men,B071QZM5DB,I
55414,jamie sadock sunsense men,B017MWTO2I,I
55791,jellycat toys giraffe,B07N95BRXL,S
55791,jellycat toys giraffe,B07M7WR3BS,S
55791,jellycat toys giraffe,B0796MZDBV,E
55791,jellycat toys giraffe,B0796MV7QK,E
55791,jellycat toys giraffe,B0796MPDLR,S
55791,jellycat toys giraffe,B0796MLDRH,E
55791,jellycat toys giraffe,B074V2GGMP,S
55791,jellycat toys giraffe,B07G3LCJDF,S
55791,jellycat toys giraffe,B00I2XOJ36,S
55791,jellycat toys giraffe,B00I2XOIJG,S
55791,jellycat toys giraffe,B00CZ21AJG,S
55791,jellycat toys giraffe,B008D6COUW,S
55791,jellycat toys giraffe,B001Q1PGFQ,E
55791,jellycat toys giraffe,B00163U4LK,S
55791,jellycat toys giraffe,B000BNCA4K,I
55791,jellycat toys giraffe,B01LWKAM85,S
55945,jewelry organizer travel,B0811RLW4K,I
55945,jewelry organizer travel,B07ZNV57C4,I
55945,jewelry organizer travel,B07X337PL9,I
55945,jewelry organizer travel,B07WYGKR6R,I
55945,jewelry organizer travel,B07WXNPF6Z,I
55945,jewelry organizer travel,B07WRYGHWY,I
55945,jewelry organizer travel,B07WNCRT6P,I
55945,jewelry organizer travel,B083XMPP9B,E
55945,jewelry organizer travel,B07TX3C11C,I
55945,jewelry organizer travel,B07TWDW6X8,I
55945,jewelry organizer travel,B07TWCL7DT,I
55945,jewelry organizer travel,B07TVB3HNL,I
55945,jewelry organizer travel,B07SBG1LN2,I
55945,jewelry organizer travel,B07NVFLZV4,I
55945,jewelry organizer travel,B07F9YZKM6,I
55945,jewelry organizer travel,B07WDQ9X2X,I
56138,john deere steel toe boots,B004LFI7R8,E
56138,john deere steel toe boots,B075M3GYQT,E
56138,john deere steel toe boots,B0752BJY2Q,E
56138,john deere steel toe boots,B01LZGAAY8,E
56138,john deere steel toe boots,B01LXTQJII,E
56138,john deere steel toe boots,B01DOJRZG0,S
56138,john deere steel toe boots,B004FVUYRE,E
56138,john deere steel toe boots,B00LMLFE7A,E
56138,john deere steel toe boots,B002YRDVU8,E
56138,john deere steel toe boots,B002CYG9JS,E
56138,john deere steel toe boots,B0036QX1OM,E
56138,john deere steel toe boots,B0015ONZ7K,S
56138,john deere steel toe boots,B0014HW1J6,E
56138,john deere steel toe boots,B0014HUMD8,S
56138,john deere steel toe boots,B000YDI5RS,S
56138,john deere steel toe boots,B000YDG566,E
56348,joy ceramic plates,B0842ZPHZJ,E
56348,joy ceramic plates,B07WJK25XT,E
56348,joy ceramic plates,B07NKYL2J7,E
56348,joy ceramic plates,B07G9K1V6H,E
56348,joy ceramic plates,B07BNDV8JZ,I
56348,joy ceramic plates,B01IUDMK38,I
56348,joy ceramic plates,B01HQ3C3O4,E
56348,joy ceramic plates,B07MJSZX8K,E
56348,joy ceramic plates,B00U384LP4,E
56348,joy ceramic plates,B00BM9RD4Y,E
56348,joy ceramic plates,B00A0RHSJO,I
56348,joy ceramic plates,B0095ZF2AY,E
56348,joy ceramic plates,B0045P4JMQ,E
56348,joy ceramic plates,B003S56J4K,I
56348,joy ceramic plates,B00004S1BT,I
56348,joy ceramic plates,B01CAVK7M2,E
56363,joycon right moved joystick,B08397JQZG,E
56363,joycon right moved joystick,B0828LMRGV,I
56363,joycon right moved joystick,B07ZLP2TJ2,E
56363,joycon right moved joystick,B07Y71DQ51,E
56363,joycon right moved joystick,B07Y4NZQNQ,I
56363,joycon right moved joystick,B07XFPVTFV,E
56363,joycon right moved joystick,B07WCL7DX6,I
56363,joycon right moved joystick,B07W7RYYY3,I
56363,joycon right moved joystick,B07VHR4Y8G,I
56363,joycon right moved joystick,B07Q5D3XY3,E
56363,joycon right moved joystick,B07MZ6PDG9,E
56363,joycon right moved joystick,B07M5H72MT,E
56363,joycon right moved joystick,B07L62PL25,C
56363,joycon right moved joystick,B0728BF99G,I
56363,joycon right moved joystick,B06XTHG2WP,C
56363,joycon right moved joystick,B07R6RRF74,E
56651,juniors shirts,B0892YL86B,E
56651,juniors shirts,B07VZLV75B,S
56651,juniors shirts,B07NWCQYY1,S
56651,juniors shirts,B07J46WRP9,S
56651,juniors shirts,B07DRB2ZZS,S
56651,juniors shirts,B07D7PJ4H1,S
56651,juniors shirts,B07CTBMC5G,S
56651,juniors shirts,B00KRYLG7U,S
56651,juniors shirts,B076Y5NN9L,S
56651,juniors shirts,B076QCD16P,S
56651,juniors shirts,B074SPJKZX,S
56651,juniors shirts,B073TS6MXY,S
56651,juniors shirts,B073GW2NFZ,S
56651,juniors shirts,B0775PM9Q8,S
57685,kids beanbag chairs for boys with filler,B07M86VNWV,E
57685,kids beanbag chairs for boys with filler,B07MYCVXLD,E
57685,kids beanbag chairs for boys with filler,B07PT8M8SX,E
57685,kids beanbag chairs for boys with filler,B07QC4ZYDQ,E
57685,kids beanbag chairs for boys with filler,B07RRSYLR1,E
57685,kids beanbag chairs for boys with filler,B07RSL8KR1,E
57685,kids beanbag chairs for boys with filler,B08QM4MHXH,E
57685,kids beanbag chairs for boys with filler,B07W71FKQD,C
57685,kids beanbag chairs for boys with filler,B085288MNH,E
57685,kids beanbag chairs for boys with filler,B07YQWSF1V,E
57685,kids beanbag chairs for boys with filler,B0821XK3BB,E
57685,kids beanbag chairs for boys with filler,B088WW6YRL,E
57685,kids beanbag chairs for boys with filler,B08B2K7J2D,E
57685,kids beanbag chairs for boys with filler,B08DHY83G5,E
57685,kids beanbag chairs for boys with filler,B08GCZW8WR,E
57685,kids beanbag chairs for boys with filler,B08KG5DL9G,E
57685,kids beanbag chairs for boys with filler,B07JNKLF2B,S
57685,kids beanbag chairs for boys with filler,B07Y84LZPR,S
57685,kids beanbag chairs for boys with filler,B07HZ4VGLP,E
57685,kids beanbag chairs for boys with filler,B07THQD9FJ,E
57685,kids beanbag chairs for boys with filler,B07GNWXPB6,S
57685,kids beanbag chairs for boys with filler,B07GXG9V5M,E
57685,kids beanbag chairs for boys with filler,B001N44CVA,E
57685,kids beanbag chairs for boys with filler,B005KL3LFU,E
57685,kids beanbag chairs for boys with filler,B005YG4UJW,E
57685,kids beanbag chairs for boys with filler,B00AE9YS1O,E
57685,kids beanbag chairs for boys with filler,B00DQT795Q,E
57685,kids beanbag chairs for boys with filler,B00DQT7B2C,E
57685,kids beanbag chairs for boys with filler,B00E1EX4G8,S
57685,kids beanbag chairs for boys with filler,B00QAORFO4,E
57685,kids beanbag chairs for boys with filler,B07RFDHJCN,E
57685,kids beanbag chairs for boys with filler,B019OGSE9O,E
57685,kids beanbag chairs for boys with filler,B015UK4VXG,E
57685,kids beanbag chairs for boys with filler,B07BF6F3PQ,E
57685,kids beanbag chairs for boys with filler,B07B9DT6NK,E
57685,kids beanbag chairs for boys with filler,B079Y8TSPB,E
57685,kids beanbag chairs for boys with filler,B07CZ5XJRH,E
57685,kids beanbag chairs for boys with filler,B078R7842F,E
57685,kids beanbag chairs for boys with filler,B076WXJJ7J,E
57685,kids beanbag chairs for boys with filler,B01N5NPT7X,E
57705,kids black friday deals,B07TC171Z9,E
57705,kids black friday deals,B07WRP1VS1,E
57705,kids black friday deals,B07QV3118Z,S
57705,kids black friday deals,B07PFKQZGC,E
57705,kids black friday deals,B07L6TD5M9,S
57705,kids black friday deals,B07HRLKLSS,E
57705,kids black friday deals,B07H5J7YWH,E
57705,kids black friday deals,B07DHB3KGG,E
57705,kids black friday deals,B015KFDJAM,S
57705,kids black friday deals,B07BGS8JTN,E
57705,kids black friday deals,B07B9HLJNC,E
57705,kids black friday deals,B06XKSQDTC,E
57705,kids black friday deals,B01L135TKK,S
57705,kids black friday deals,B01HDWCZIM,E
57705,kids black friday deals,1477810544,E
57705,kids black friday deals,B07C7LDT4K,E
58050,kids toys $5 or less,B07N6K4Z3F,S
58050,kids toys $5 or less,B07WHFDKW3,S
58050,kids toys $5 or less,B07WHF9228,S
58050,kids toys $5 or less,B07W9J7QYM,S
58050,kids toys $5 or less,B07VLLKFWG,S
58050,kids toys $5 or less,B07TFTGSR8,S
58050,kids toys $5 or less,B07QNLD1ZK,S
58050,kids toys $5 or less,B07WMLNYCT,S
58050,kids toys $5 or less,B07MFW71SX,S
58050,kids toys $5 or less,B071NB2BV3,E
58050,kids toys $5 or less,B01KJEOCDW,S
58050,kids toys $5 or less,B00YTWEMUO,S
58050,kids toys $5 or less,B00NB574LY,S
58050,kids toys $5 or less,B00I9KDFK0,S
58050,kids toys $5 or less,B00I3C34D2,S
58050,kids toys $5 or less,B07HMZT2V2,S
58173,kind bark,B07BFPZ655,E
58173,kind bark,B07ZTWNQ9N,E
58173,kind bark,B07ZTW7KKJ,E
58173,kind bark,B07PPXP1YR,E
58173,kind bark,B07PNRWX8K,E
58173,kind bark,B082M1L5KS,S
58173,kind bark,B07PMTGM3C,E
58173,kind bark,B079XGN7QD,E
58173,kind bark,B01F5EQN8S,E
58173,kind bark,B0772Z6D8V,S
58173,kind bark,B0748DLKFP,E
58173,kind bark,B00ZCQK0N4,S
58173,kind bark,B00IZF0P98,E
58173,kind bark,B00IZF0LCE,E
58173,kind bark,B003TMZQC8,E
58173,kind bark,B078GK557L,E
58196,kindle books thriiler,B08CXBPW6H,S
58196,kindle books thriiler,B08CVQ856J,E
58196,kindle books thriiler,B08CTP1RBT,E
58196,kindle books thriiler,B08CR36BZ2,S
58196,kindle books thriiler,B085N77176,E
58196,kindle books thriiler,B084HQ2672,E
58196,kindle books thriiler,B0812Z1T21,E
58196,kindle books thriiler,B07MZW7NLZ,S
58196,kindle books thriiler,B07K2ZGQQK,E
58196,kindle books thriiler,B07HNHRNCP,E
58196,kindle books thriiler,B07DYX1VL6,E
58196,kindle books thriiler,B077C9DSMG,E
58196,kindle books thriiler,B075QK75KK,E
58196,kindle books thriiler,B06Y1264PX,S
58196,kindle books thriiler,B01NBAH5T7,E
58196,kindle books thriiler,B016SBJLAE,E
58383,kings cribbage board game,B076X7RS73,I
58383,kings cribbage board game,B0792JY6G4,S
58383,kings cribbage board game,B07D63X49P,E
58383,kings cribbage board game,B07G1F1Z7M,E
58383,kings cribbage board game,B07H185K6H,E
58383,kings cribbage board game,B07LF8YT15,E
58383,kings cribbage board game,B07LG4WMLY,S
58383,kings cribbage board game,B07V5THHK6,S
58383,kings cribbage board game,B0854B2BH8,S
58383,kings cribbage board game,B082SJV191,E
58383,kings cribbage board game,B076HK9H7Z,S
58383,kings cribbage board game,B085RB34YD,S
58383,kings cribbage board game,B08C1L81MT,S
58383,kings cribbage board game,B08D6H1VVN,E
58383,kings cribbage board game,B08DRQRBVH,S
58383,kings cribbage board game,B08VF751RW,E
58383,kings cribbage board game,B094PY8179,S
58383,kings cribbage board game,B082KR9PP8,S
58383,kings cribbage board game,B01N3A4070,S
58383,kings cribbage board game,B07KT2HSC8,S
58383,kings cribbage board game,B01HDYFCJO,S
58383,kings cribbage board game,B01MU9K3XU,S
58383,kings cribbage board game,0975277324,S
58383,kings cribbage board game,1947494503,I
58383,kings cribbage board game,B00000IVAK,S
58383,kings cribbage board game,B00001NTXN,S
58383,kings cribbage board game,B00004SDBL,S
58383,kings cribbage board game,B00005LBF0,E
58383,kings cribbage board game,B0003MA0PK,I
58383,kings cribbage board game,B000809OAO,S
58383,kings cribbage board game,B00004W60G,S
58383,kings cribbage board game,B001Q77S1A,S
58383,kings cribbage board game,B002TPVOUE,S
58383,kings cribbage board game,B00IL5XY9K,S
58383,kings cribbage board game,B00NQQTXU8,S
58383,kings cribbage board game,B00U26V4VQ,S
58383,kings cribbage board game,B00WKVLYMK,S
58383,kings cribbage board game,B016MLRTC2,S
58383,kings cribbage board game,B000WZCDYY,E
58383,kings cribbage board game,B01F46RPS4,S
58702,kitchenaid stand mixer,B01BWNINAW,E
58702,kitchenaid stand mixer,B08BG9T6DL,E
58702,kitchenaid stand mixer,B01H41YOLI,E
58702,kitchenaid stand mixer,B07793F2GH,E
58702,kitchenaid stand mixer,B07SS2TKN9,E
58702,kitchenaid stand mixer,B07PBQ22PP,E
58702,kitchenaid stand mixer,B07PX3X5ZT,C
58702,kitchenaid stand mixer,B082DXZBX9,E
58702,kitchenaid stand mixer,B00MFWWXD8,E
58702,kitchenaid stand mixer,B07P18SB8K,S
58702,kitchenaid stand mixer,B00L2EZIP0,E
58702,kitchenaid stand mixer,B01ENK4UV2,S
58702,kitchenaid stand mixer,B00FYVOU38,E
58702,kitchenaid stand mixer,B00004SGFJ,E
58702,kitchenaid stand mixer,B00GWUNU54,S
58702,kitchenaid stand mixer,B00005UP2P,S
58702,kitchenaid stand mixer,B0002Y5X9W,E
58702,kitchenaid stand mixer,B003WIZ5UC,S
58702,kitchenaid stand mixer,B00004SGFW,E
58702,kitchenaid stand mixer,B007W2EEEW,E
58702,kitchenaid stand mixer,B008XF78IQ,E
58702,kitchenaid stand mixer,B00BU27HYO,E
58702,kitchenaid stand mixer,B00FF4XU2Q,C
58702,kitchenaid stand mixer,B007W2ED70,E
58925,knotted blanket kit,B07XZKDBM6,S
58925,knotted blanket kit,B07V1Z3NZM,S
58925,knotted blanket kit,B07P3J39YF,S
58925,knotted blanket kit,B07NV9QXWR,S
58925,knotted blanket kit,B07JK7H2FQ,S
58925,knotted blanket kit,B07HBGHS5W,E
58925,knotted blanket kit,B07GSWBMK8,E
58925,knotted blanket kit,B07G5LNVLF,E
58925,knotted blanket kit,B078Y4SPZS,S
58925,knotted blanket kit,B06XGHX4DZ,E
58925,knotted blanket kit,B01N2IT0Z3,S
58925,knotted blanket kit,B01CEY3NGW,S
58925,knotted blanket kit,B00QW5F3OU,E
58925,knotted blanket kit,B00K5S66Y6,S
58925,knotted blanket kit,B000F3V2R2,E
58925,knotted blanket kit,B079K8FWSQ,E
59181,kung fu panda 3,B083VRP641,I
59181,kung fu panda 3,B07TJ279V3,I
59181,kung fu panda 3,B07TFBRGHL,S
59181,kung fu panda 3,B07JDRX7CL,I
59181,kung fu panda 3,B07BYMXJBZ,E
59181,kung fu panda 3,B079HW6LCV,S
59181,kung fu panda 3,B07HMW8SM6,S
59181,kung fu panda 3,B079HR4PBN,S
59181,kung fu panda 3,B071DXRY6H,I
59181,kung fu panda 3,B01KKW3UO0,S
59181,kung fu panda 3,B01AVEVCQU,I
59181,kung fu panda 3,B009YMNVMO,I
59181,kung fu panda 3,B000VU2SW2,I
59181,kung fu panda 3,B079HSNKW4,E
59329,la dolce vita classic italian biscotti,B09BZSCBTN,E
59329,la dolce vita classic italian biscotti,B01N1HIZMW,E
59329,la dolce vita classic italian biscotti,B01N9SWUOU,S
59329,la dolce vita classic italian biscotti,B06XFPTB7Q,S
59329,la dolce vita classic italian biscotti,B07196GV4V,S
59329,la dolce vita classic italian biscotti,B07CT1K3L8,E
59329,la dolce vita classic italian biscotti,B07D6N3N6Z,E
59329,la dolce vita classic italian biscotti,B07H6LL19P,S
59329,la dolce vita classic italian biscotti,B07NVVLL91,E
59329,la dolce vita classic italian biscotti,B07Q3GX8JN,S
59329,la dolce vita classic italian biscotti,B087N85FLJ,S
59329,la dolce vita classic italian biscotti,B08F2QJ3XK,E
59329,la dolce vita classic italian biscotti,B08Z65Y45J,S
59329,la dolce vita classic italian biscotti,B08ZVXLKZP,S
59329,la dolce vita classic italian biscotti,B01F39MGMC,S
59329,la dolce vita classic italian biscotti,B07NNZZ2QB,E
59329,la dolce vita classic italian biscotti,B08BQG77HS,E
59329,la dolce vita classic italian biscotti,B01B6STR2Q,S
59329,la dolce vita classic italian biscotti,B00V54DHUA,S
59329,la dolce vita classic italian biscotti,B00XM5KSV6,S
59329,la dolce vita classic italian biscotti,B003U2DBDS,S
59329,la dolce vita classic italian biscotti,B0055N4JPY,S
59329,la dolce vita classic italian biscotti,B005OC0YA0,S
59329,la dolce vita classic italian biscotti,B007T1MQGY,S
59329,la dolce vita classic italian biscotti,B00BI48PRW,E
59329,la dolce vita classic italian biscotti,B00D8CR7W6,S
59329,la dolce vita classic italian biscotti,B005Q8C2WK,S
59329,la dolce vita classic italian biscotti,B00GFHZK2U,S
59329,la dolce vita classic italian biscotti,B00I334H3W,E
59329,la dolce vita classic italian biscotti,B00MW5VU82,E
59329,la dolce vita classic italian biscotti,B00O3I9M4K,S
59329,la dolce vita classic italian biscotti,B00V54DC6Y,S
59329,la dolce vita classic italian biscotti,B00V54DCAU,S
59329,la dolce vita classic italian biscotti,B00E3WZVKA,E
59422,label printer’s and scale,B07WNF5PQ7,E
59422,label printer’s and scale,B07W6SLHLW,E
59422,label printer’s and scale,B07L8PG9QK,C
59422,label printer’s and scale,B07585ZGQR,C
59422,label printer’s and scale,B072N3S7LV,C
59422,label printer’s and scale,B01M9AR01Q,C
59422,label printer’s and scale,B016LL8AIU,C
59422,label printer’s and scale,B07ZJTKBJ6,C
59422,label printer’s and scale,B00SMHWZ42,C
59422,label printer’s and scale,B006H7HQJ8,E
59422,label printer’s and scale,B003KSE3VG,C
59422,label printer’s and scale,B003A7H062,C
59422,label printer’s and scale,B002M1JIVM,E
59422,label printer’s and scale,B001U729QK,S
59422,label printer’s and scale,B000ANLD1M,C
59422,label printer’s and scale,B016CV811U,C
60011,large cactus planter,B07VXBPH9M,S
60011,large cactus planter,B0837PV756,I
60011,large cactus planter,B082RX37G7,S
60011,large cactus planter,B07ZJJ3HXY,E
60011,large cactus planter,B07Z392PPK,I
60011,large cactus planter,B07Y62RWQ2,E
60011,large cactus planter,B07HVWPKBP,S
60011,large cactus planter,B07TTJ425C,S
60011,large cactus planter,B07DKWL7RJ,E
60011,large cactus planter,B07GNBQBD1,E
60011,large cactus planter,B07D6HDJBQ,S
60011,large cactus planter,B078T7KD58,E
60011,large cactus planter,B071GRCXJV,S
60011,large cactus planter,B06XPWSDGQ,S
60011,large cactus planter,B01MZAIZWM,E
60011,large cactus planter,B01MA3PM7B,E
60092,large letter r kid,B07MVGFZV9,E
60092,large letter r kid,B08B3Z2BCH,I
60092,large letter r kid,B07VN2G93T,E
60092,large letter r kid,B07TXTB6GJ,E
60092,large letter r kid,B07SRB6X2H,E
60092,large letter r kid,B07S4H55QW,E
60092,large letter r kid,B07PGTPQ35,I
60092,large letter r kid,B07MN6RXC2,E
60092,large letter r kid,B07125JTJK,E
60092,large letter r kid,B07KK7KKQ6,E
60092,large letter r kid,B07HVRDTVM,E
60092,large letter r kid,B07HNR5FY6,E
60092,large letter r kid,B07GDK52VG,E
60092,large letter r kid,B07BHZLWSD,E
60092,large letter r kid,B073FBJR73,E
60092,large letter r kid,B07ML36B81,E
60269,lash cleaner,B07S1N521P,S
60269,lash cleaner,B085KZPJF7,S
60269,lash cleaner,B082MMRQVJ,S
60269,lash cleaner,B0827RZ29W,E
60269,lash cleaner,B0819Z23K9,S
60269,lash cleaner,B07YQ3Z5PF,S
60269,lash cleaner,B07WGGXY5G,S
60269,lash cleaner,B07TSXGVR5,C
60269,lash cleaner,B07L4F29Q2,S
60269,lash cleaner,B07Q5JM444,S
60269,lash cleaner,B07P9N7XRG,S
60269,lash cleaner,B07K6QY7XW,S
60269,lash cleaner,B07GZWWN9Q,S
60269,lash cleaner,B07D222PN4,S
60269,lash cleaner,B06VW5J11K,E
60269,lash cleaner,B07TCPHRFL,S
62433,lightning to dual lightning adapter,B0836GMF9R,I
62433,lightning to dual lightning adapter,B08532DWYL,E
62433,lightning to dual lightning adapter,B085F4BQC7,E
62433,lightning to dual lightning adapter,B0861TDNQX,S
62433,lightning to dual lightning adapter,B082X83H8D,E
62433,lightning to dual lightning adapter,B085VW5WT4,S
62433,lightning to dual lightning adapter,B082WWM4XH,E
62433,lightning to dual lightning adapter,B083JC1M9C,E
62433,lightning to dual lightning adapter,B081QFJTH8,E
62433,lightning to dual lightning adapter,B07YSM9CTH,E
62433,lightning to dual lightning adapter,B07RLFLRGK,E
62433,lightning to dual lightning adapter,B00TZIW41G,E
62433,lightning to dual lightning adapter,B07HK6HNR1,S
62433,lightning to dual lightning adapter,B0822S1DZ9,E
62433,lightning to dual lightning adapter,B07CVX3516,S
62433,lightning to dual lightning adapter,B01LXFKSNA,E
63366,lol sugar queen doll,B07XSQC3JW,E
63366,lol sugar queen doll,B07XSNGSJN,E
63366,lol sugar queen doll,B07XSNGSJJ,E
63366,lol sugar queen doll,B07XLGBZ46,E
63366,lol sugar queen doll,B07W4JLJH9,S
63366,lol sugar queen doll,B07PT4GTRL,E
63366,lol sugar queen doll,B07PNLR4C2,E
63366,lol sugar queen doll,B07PNK9QZB,E
63366,lol sugar queen doll,B07BHQ135J,E
63366,lol sugar queen doll,B07BHPGMPK,E
63366,lol sugar queen doll,B0792NKT7Y,E
63366,lol sugar queen doll,B0786ZFR3D,E
63366,lol sugar queen doll,B076PKY1ZW,E
63366,lol sugar queen doll,B072NCRQCZ,S
63366,lol sugar queen doll,B06X9QJ53R,E
63366,lol sugar queen doll,B07BHQ14L9,E
63833,loungefly disney,B084YT1FY2,E
63833,loungefly disney,B084YRX5H7,E
63833,loungefly disney,B084YQH7ZF,E
63833,loungefly disney,B081NNNXB8,S
63833,loungefly disney,B081518DWJ,S
63833,loungefly disney,B081513QPK,S
63833,loungefly disney,B07ZCBTCR1,E
63833,loungefly disney,B07Z5NXB55,E
63833,loungefly disney,B07YXCV492,E
63833,loungefly disney,B07YN3SDLF,E
63833,loungefly disney,B07V9XFH1N,E
63833,loungefly disney,B07QW42C5M,S
63833,loungefly disney,B07JJMTFWG,S
63833,loungefly disney,B07F483W3G,S
63833,loungefly disney,B076LRMKV9,S
63833,loungefly disney,B07Z59KWYB,S
65191,makita battery charger,B07QZZCXQ3,E
65191,makita battery charger,B07HSTPKX4,E
65191,makita battery charger,B07HKBNVXJ,S
65191,makita battery charger,B07G615BKR,E
65191,makita battery charger,B07CXDF8ZS,E
65191,makita battery charger,B0756F7BTZ,E
65191,makita battery charger,B07XZWCR16,E
65191,makita battery charger,B073SMV11S,E
65191,makita battery charger,B01M2VEHDL,E
65191,makita battery charger,B01BD7T8PG,E
65191,makita battery charger,B017GQJDV2,E
65191,makita battery charger,B00CUSS052,E
65191,makita battery charger,B007VM44HU,E
65191,makita battery charger,B004L0ZLHW,E
65191,makita battery charger,B0008EHFUG,E
65191,makita battery charger,B01MDKWI32,E
65248,male stripper underwear,B07DCQ3GW1,E
65248,male stripper underwear,B07GJGMVJ3,E
65248,male stripper underwear,B07HH5YZ8D,E
65248,male stripper underwear,B07JHPSR5Q,E
65248,male stripper underwear,B07JMRKHWR,S
65248,male stripper underwear,B07JVBTHNP,S
65248,male stripper underwear,B07MGDNSP3,I
65248,male stripper underwear,B07PJ6LXG5,S
65248,male stripper underwear,B07RF82J3L,E
65248,male stripper underwear,B08RJH9DB6,S
65248,male stripper underwear,B07TV4GM7D,E
65248,male stripper underwear,B07X75CZ2N,E
65248,male stripper underwear,B07ZCXDH86,S
65248,male stripper underwear,B081GGRLTV,E
65248,male stripper underwear,B086KQXS9B,E
65248,male stripper underwear,B086L4BXZ2,S
65248,male stripper underwear,B08H43LNQ9,S
65248,male stripper underwear,B07DCB6H7S,S
65248,male stripper underwear,B07S9QFJGN,E
65248,male stripper underwear,B07CJ2JY7Z,S
65248,male stripper underwear,B01NA7GYEP,E
65248,male stripper underwear,B07BL2YTNB,S
65248,male stripper underwear,B00JQRNGS6,S
65248,male stripper underwear,B01DK41BBE,E
65248,male stripper underwear,B01FSQE05Q,E
65248,male stripper underwear,B01JD8CPTI,I
65248,male stripper underwear,B01L9GLICW,E
65248,male stripper underwear,B01N01RFRY,S
65248,male stripper underwear,B06VV2KC9F,E
65248,male stripper underwear,B07BYL7PG2,E
65248,male stripper underwear,B06ZZPN15P,E
65248,male stripper underwear,B0756CMJ33,E
65248,male stripper underwear,B0758HSMX2,E
65248,male stripper underwear,B0779PF8TQ,E
65248,male stripper underwear,B077CKM1VF,E
65248,male stripper underwear,B078RD41XD,E
65248,male stripper underwear,B078Y768XL,S
65248,male stripper underwear,B079CZ1BSC,E
65248,male stripper underwear,B07BJ566FP,E
65248,male stripper underwear,B0723BLJZ3,E
65555,manteles de mesa de tela para fiestas redondos,B07QSW4Y9R,E
65555,manteles de mesa de tela para fiestas redondos,B07L4XC9QS,E
65555,manteles de mesa de tela para fiestas redondos,B079RZ6TKS,E
65555,manteles de mesa de tela para fiestas redondos,B078YHZRYY,E
65555,manteles de mesa de tela para fiestas redondos,B077S2KSGC,E
65555,manteles de mesa de tela para fiestas redondos,B0771SDWVM,E
65555,manteles de mesa de tela para fiestas redondos,B073QSF1Q3,E
65555,manteles de mesa de tela para fiestas redondos,B06ZYJW9GV,E
65555,manteles de mesa de tela para fiestas redondos,B06XKCZ6NL,E
65555,manteles de mesa de tela para fiestas redondos,B06XBS9DCM,I
65555,manteles de mesa de tela para fiestas redondos,B01MT011GD,I
65555,manteles de mesa de tela para fiestas redondos,B01D59B6OQ,E
65555,manteles de mesa de tela para fiestas redondos,B00ZGQCZOM,E
65555,manteles de mesa de tela para fiestas redondos,B008TLKQ74,E
65555,manteles de mesa de tela para fiestas redondos,B008TKRDUS,E
65555,manteles de mesa de tela para fiestas redondos,B005EMQV70,E
66054,mary kay makeup remover eye,B00LLTGOMM,E
66054,mary kay makeup remover eye,B00NT7G8E8,I
66054,mary kay makeup remover eye,B017PCGABI,S
66054,mary kay makeup remover eye,B071CYPDTQ,S
66054,mary kay makeup remover eye,B07935PBL5,E
66054,mary kay makeup remover eye,B0793BP79L,E
66054,mary kay makeup remover eye,B0794SX7FC,I
66054,mary kay makeup remover eye,B079QXLT2V,E
66054,mary kay makeup remover eye,B07GWF7NS9,E
66054,mary kay makeup remover eye,B07FCRDYMP,I
66054,mary kay makeup remover eye,B07FMHG92L,S
66054,mary kay makeup remover eye,B07HXR9HNC,S
66054,mary kay makeup remover eye,B07QD1DBSH,S
66054,mary kay makeup remover eye,B07T9JV956,S
66054,mary kay makeup remover eye,B07VX1YK2N,E
66054,mary kay makeup remover eye,B08CFL9B1Y,S
66054,mary kay makeup remover eye,B00LGXBBRG,E
66054,mary kay makeup remover eye,B079X412PR,I
66054,mary kay makeup remover eye,B00L6J0V76,S
66054,mary kay makeup remover eye,B08T6B9DYP,S
66054,mary kay makeup remover eye,B00JCJ9DPI,E
66054,mary kay makeup remover eye,B00KMRJOLW,E
66054,mary kay makeup remover eye,B00027D0DU,E
66054,mary kay makeup remover eye,B000289CQI,E
66054,mary kay makeup remover eye,B000GHGGKK,I
66054,mary kay makeup remover eye,B000QUM5LG,E
66054,mary kay makeup remover eye,B0026Q4J9E,E
66054,mary kay makeup remover eye,B003R9XW6U,C
66054,mary kay makeup remover eye,B003RCZNZU,E
66054,mary kay makeup remover eye,B004SPDEWE,I
66054,mary kay makeup remover eye,B003DGKFV2,E
66054,mary kay makeup remover eye,B0051CTN00,E
66054,mary kay makeup remover eye,B004X6SXA6,E
66054,mary kay makeup remover eye,B00CDPPYUQ,S
66054,mary kay makeup remover eye,B00BDTH31Q,I
66054,mary kay makeup remover eye,B00AXOAHHE,S
66054,mary kay makeup remover eye,B00GI24VPE,E
66054,mary kay makeup remover eye,B005JM94BK,E
66054,mary kay makeup remover eye,B005FCWTCA,E
66054,mary kay makeup remover eye,B005P965A0,E
66145,mask n95 white,B08S7R1SDC,E
66145,mask n95 white,B08SJ6YVCN,E
66145,mask n95 white,B08TX4FVQD,S
66145,mask n95 white,B08TX5GWN9,S
66145,mask n95 white,B08V8M6ZYG,S
66145,mask n95 white,B08VDJZPZN,E
66145,mask n95 white,B08VRYPKFP,E
66145,mask n95 white,B08VVMMKPB,E
66145,mask n95 white,B09BP3Z9QT,E
66145,mask n95 white,B08Y57R13D,E
66145,mask n95 white,B08XTRR6YW,S
66145,mask n95 white,B08YJ7T3DV,E
66145,mask n95 white,B08YPD591T,E
66145,mask n95 white,B08YS4958R,E
66145,mask n95 white,B092D7CYGJ,S
66145,mask n95 white,B093K3L6VX,S
66145,mask n95 white,B09B8Q81J7,E
66145,mask n95 white,B08Q8KXBM2,E
66145,mask n95 white,B08W52CN9J,E
66145,mask n95 white,B08Q8GZDDJ,S
66145,mask n95 white,B08JRD37MV,E
66145,mask n95 white,B08P3LHBQQ,E
66145,mask n95 white,B08P7JZ2DM,E
66145,mask n95 white,B000TVSY9O,E
66145,mask n95 white,B086JD7TKZ,E
66145,mask n95 white,B086WC1LDD,E
66145,mask n95 white,B087Z7N4XF,E
66145,mask n95 white,B088X1C4MC,E
66145,mask n95 white,B089344XZF,S
66145,mask n95 white,B08J1THV9G,E
66145,mask n95 white,B088TVLW2F,E
66145,mask n95 white,B08LPM44QC,E
66145,mask n95 white,B08JQMPGWN,S
66145,mask n95 white,B08NX8SC6G,E
66145,mask n95 white,B08NX789VB,E
66145,mask n95 white,B08NPSB6W2,E
66145,mask n95 white,B08NXZ5JNC,E
66145,mask n95 white,B08M66XB9T,E
66145,mask n95 white,B08LZZN5QZ,E
66145,mask n95 white,B08NPKT21P,S
66381,matilda,B00LFF73OU,I
66381,matilda,B08DKM2321,I
66381,matilda,B07VJXHLDH,I
66381,matilda,B07TFB1RKP,E
66381,matilda,B07N4FG6MD,I
66381,matilda,B07942V9TC,E
66381,matilda,B01BLZX8PQ,I
66381,matilda,B00DMF8R1Y,I
66381,matilda,B001AQQR2S,E
66381,matilda,B00AGH54XK,I
66381,matilda,B008YXKTPG,I
66381,matilda,B00784LZMI,I
66381,matilda,B0046TUVAK,I
66381,matilda,B003QSI8MU,I
66381,matilda,B003730LRY,I
66381,matilda,B00BM8PAZY,I
66517,max japan,B07Z8WYKQW,I
66517,max japan,B07YYBYQPK,E
66517,max japan,B07YC471WH,E
66517,max japan,B07Y1WVNF8,I
66517,max japan,B07XYL3D8W,E
66517,max japan,B07SXMZLPK,I
66517,max japan,B07HYPXX38,I
66517,max japan,B07STGGQ18,I
66517,max japan,B06Y1CBVKT,I
66517,max japan,B002EENOZS,E
66517,max japan,B0013MXH72,E
66517,max japan,B0007D6GS0,I
66517,max japan,B0000Y7KNQ,I
66517,max japan,B000056UXK,E
66517,max japan,B000042O7C,E
66517,max japan,B07FDJMC9Q,I
67231,men shampoo ace,B0845D28ZY,I
67231,men shampoo ace,B01JIRKQ04,I
67231,men shampoo ace,B0845CVB2R,I
67231,men shampoo ace,B07XF9CZ9D,E
67231,men shampoo ace,B07QJ7K43N,S
67231,men shampoo ace,B07KFNN1VM,E
67231,men shampoo ace,B07FTC3ZPL,C
67231,men shampoo ace,B01IAFEOIU,E
67231,men shampoo ace,B00127S53E,S
67231,men shampoo ace,B01A5X95P2,E
67231,men shampoo ace,B014IEDYQA,E
67231,men shampoo ace,B00JL3SCFM,E
67231,men shampoo ace,B00JFLOXVC,E
67231,men shampoo ace,B00AW1THOM,E
67231,men shampoo ace,B008CZBZQI,E
67231,men shampoo ace,B01IAEY60C,E
67334,men's nike tee shirts 3xl,B07GP4Q8Z5,S
67334,men's nike tee shirts 3xl,B07MSZ2D86,S
67334,men's nike tee shirts 3xl,B07LCVLMTF,E
67334,men's nike tee shirts 3xl,B07Z5BDVGZ,S
67334,men's nike tee shirts 3xl,B07H4JBWGG,E
67334,men's nike tee shirts 3xl,B07H4BHBJ6,E
67334,men's nike tee shirts 3xl,B07GXNYYT5,E
67334,men's nike tee shirts 3xl,B077SNFRX3,I
67334,men's nike tee shirts 3xl,B007OY4IU8,E
67334,men's nike tee shirts 3xl,B01JNXUAUE,S
67334,men's nike tee shirts 3xl,B0052QSR3E,S
67334,men's nike tee shirts 3xl,B007IXGY6G,S
67334,men's nike tee shirts 3xl,B0776431HK,S
67334,men's nike tee shirts 3xl,B010RRW454,S
67334,men's nike tee shirts 3xl,B01GTFHW78,I
67334,men's nike tee shirts 3xl,B00TFAEUUM,S
68381,metal epoxy stirrer,B07JJRXVTM,E
68381,metal epoxy stirrer,B07VZ5VD7Q,S
68381,metal epoxy stirrer,B07R17P5DT,E
68381,metal epoxy stirrer,B07QSCW6ZQ,E
68381,metal epoxy stirrer,B07MZ34QS4,S
68381,metal epoxy stirrer,B07L3W23R7,E
68381,metal epoxy stirrer,B083NYQMRT,S
68381,metal epoxy stirrer,B07JCM5583,S
68381,metal epoxy stirrer,B077WWWR8T,E
68381,metal epoxy stirrer,B07C2LVCGR,E
68381,metal epoxy stirrer,B077Q9HN12,E
68381,metal epoxy stirrer,B075492B7G,E
68381,metal epoxy stirrer,B0751N7PJ6,E
68381,metal epoxy stirrer,B0734T7TKD,E
68381,metal epoxy stirrer,B071KSHGRG,E
68381,metal epoxy stirrer,B07DGP1FCD,E
69329,mini brands 5 surprise big pack,B07Y7HKZT6,S
69329,mini brands 5 surprise big pack,B08J877TBZ,S
69329,mini brands 5 surprise big pack,B0868Z17CN,E
69329,mini brands 5 surprise big pack,B086713759,S
69329,mini brands 5 surprise big pack,B0846GTZ6C,E
69329,mini brands 5 surprise big pack,B082QRX5DN,E
69329,mini brands 5 surprise big pack,B0821TN7L2,E
69329,mini brands 5 surprise big pack,B07XYQV9Q7,S
69329,mini brands 5 surprise big pack,B07W79YYG1,S
69329,mini brands 5 surprise big pack,B07VS5GXD8,S
69329,mini brands 5 surprise big pack,B07TMQTXHZ,S
69329,mini brands 5 surprise big pack,B07T8K3LHF,E
69329,mini brands 5 surprise big pack,B07Q3V78VT,S
69329,mini brands 5 surprise big pack,B07BS78G6Q,S
69329,mini brands 5 surprise big pack,B07BS76XHT,S
69329,mini brands 5 surprise big pack,B07XB43BYG,S
69332,mini building block military,B07RZ5X4W7,S
69332,mini building block military,B0815TVKQQ,E
69332,mini building block military,B07Z97LZC9,S
69332,mini building block military,B07V9RJ19K,S
69332,mini building block military,B07T48N1B3,S
69332,mini building block military,B07SM9KKV9,E
69332,mini building block military,B07PV82Y1W,E
69332,mini building block military,B07VWRSB7X,E
69332,mini building block military,B07MMN2CZZ,S
69332,mini building block military,B07KJYGRBX,E
69332,mini building block military,B07K4CS7TZ,S
69332,mini building block military,B07JD6WW3Y,C
69332,mini building block military,B07HKGKC6J,S
69332,mini building block military,B07PCSDS61,E
69332,mini building block military,B07G135QRN,E
69332,mini building block military,B071WWCJ4Q,C
69526,mini snes classic edition,B07FCXL2VV,E
69526,mini snes classic edition,B07FXPDP22,E
69526,mini snes classic edition,B07H1J71XR,C
69526,mini snes classic edition,B07PW37NFP,S
69526,mini snes classic edition,B07PFT19MG,S
69526,mini snes classic edition,B0787BZ3QL,E
69526,mini snes classic edition,B07H7JFCVH,C
69526,mini snes classic edition,B077CZTXRW,C
69526,mini snes classic edition,B01L3J5M0Y,C
69526,mini snes classic edition,B0772Q2P81,E
69526,mini snes classic edition,B075TN6DJP,E
69526,mini snes classic edition,B075RMYMNH,C
69526,mini snes classic edition,B07114C4TL,C
69526,mini snes classic edition,B06ZZN8NG7,E
69526,mini snes classic edition,B01JLH6E3Y,E
69526,mini snes classic edition,B0774D3Z6G,S
69710,"miralax powder laxative, 45 doses, 26.9 ounce",B01MY5FJW0,S
69710,"miralax powder laxative, 45 doses, 26.9 ounce",B07CV2PVX9,S
69710,"miralax powder laxative, 45 doses, 26.9 ounce",B07CQKPF49,S
69710,"miralax powder laxative, 45 doses, 26.9 ounce",B07CPJYRPW,S
69710,"miralax powder laxative, 45 doses, 26.9 ounce",B07B8BQW6C,S
69710,"miralax powder laxative, 45 doses, 26.9 ounce",B074QHZWG5,S
69710,"miralax powder laxative, 45 doses, 26.9 ounce",B074F2FSX5,S
69710,"miralax powder laxative, 45 doses, 26.9 ounce",B01MTPCPLS,E
69710,"miralax powder laxative, 45 doses, 26.9 ounce",B004AI9CM0,S
69710,"miralax powder laxative, 45 doses, 26.9 ounce",B00JNEIB2I,E
69710,"miralax powder laxative, 45 doses, 26.9 ounce",B008RUOEKM,S
69710,"miralax powder laxative, 45 doses, 26.9 ounce",B0075MFY20,S
69710,"miralax powder laxative, 45 doses, 26.9 ounce",B0050OHIP6,S
69710,"miralax powder laxative, 45 doses, 26.9 ounce",B0037CHAOM,S
69710,"miralax powder laxative, 45 doses, 26.9 ounce",B002YJZMCQ,S
69710,"miralax powder laxative, 45 doses, 26.9 ounce",B01LNYNYWC,S
70646,morbid podcast merch,B08JLHSSJ4,I
70646,morbid podcast merch,B09B7CLFNL,E
70646,morbid podcast merch,B08FSYXD32,S
70646,morbid podcast merch,B08FQHXYB6,S
70646,morbid podcast merch,B08FR5RVTH,I
70646,morbid podcast merch,B08K2VMB2B,I
70646,morbid podcast merch,B08CNYG7TN,E
70646,morbid podcast merch,B08FRP4H2Z,I
70646,morbid podcast merch,B08MXVWS29,E
70646,morbid podcast merch,B08ZS5R9DD,E
70646,morbid podcast merch,B08RB24ZJC,E
70646,morbid podcast merch,B08RB2BN6B,E
70646,morbid podcast merch,B094C6HMZG,I
70646,morbid podcast merch,B096WXYF12,E
70646,morbid podcast merch,B097Q71D91,I
70646,morbid podcast merch,B097RJTF7T,S
70646,morbid podcast merch,B0982YNBBQ,S
70646,morbid podcast merch,B08BJ4B8YZ,I
70646,morbid podcast merch,B08MXW4XFT,E
70646,morbid podcast merch,B085RBGWTW,I
70646,morbid podcast merch,B07YSKMDX8,I
70646,morbid podcast merch,B082HLTPNP,I
70646,morbid podcast merch,B00X22IEBK,I
70646,morbid podcast merch,B015G0F03U,I
70646,morbid podcast merch,B072K69V2W,I
70646,morbid podcast merch,B07G4H4DDW,I
70646,morbid podcast merch,B082JDF13H,S
70646,morbid podcast merch,B07M5DNLD3,S
70646,morbid podcast merch,B07P98B2KF,S
70646,morbid podcast merch,B07PNZQWZ6,I
70646,morbid podcast merch,B07GVSKQ47,E
70646,morbid podcast merch,B07RS4QKBX,E
70646,morbid podcast merch,B07X1DXF2C,E
70646,morbid podcast merch,B07Y8Y42VW,S
70646,morbid podcast merch,B07ZXCBNDB,I
70646,morbid podcast merch,B0825XK7GN,I
70646,morbid podcast merch,B082BR5HWB,S
70646,morbid podcast merch,B082GSMHLB,S
70646,morbid podcast merch,B082HJ4DSL,S
70646,morbid podcast merch,B07PTJGW4P,S
70680,moroccan oil curl defining cream,B07GT27S46,C
70680,moroccan oil curl defining cream,B07C973F22,S
70680,moroccan oil curl defining cream,B07618ZSQS,C
70680,moroccan oil curl defining cream,B06XD8NRNB,C
70680,moroccan oil curl defining cream,B01LVZWG4A,E
70680,moroccan oil curl defining cream,B00LMQVB9K,E
70680,moroccan oil curl defining cream,B00GMP6ZK6,E
70680,moroccan oil curl defining cream,B08DPLN32V,E
70680,moroccan oil curl defining cream,B00EXJLKV2,E
70680,moroccan oil curl defining cream,B00ALI4BYM,E
70680,moroccan oil curl defining cream,B005DYJZFO,E
70680,moroccan oil curl defining cream,B004JWR9PO,E
70680,moroccan oil curl defining cream,B004J1MNII,E
70680,moroccan oil curl defining cream,B003RW2K0G,E
70680,moroccan oil curl defining cream,B0039W0UOM,E
70680,moroccan oil curl defining cream,B00F2QOUZS,E
71042,mountaintop whitlow,B08CGYGJFH,I
71042,mountaintop whitlow,B08BNLW9NG,I
71042,mountaintop whitlow,B07ZGDS6Z9,I
71042,mountaintop whitlow,B07YJKQ344,I
71042,mountaintop whitlow,B07C7C7NZV,I
71042,mountaintop whitlow,B074P2NS9T,I
71042,mountaintop whitlow,B073Z7Y1KG,I
71042,mountaintop whitlow,B08GLY1G8F,I
71042,mountaintop whitlow,B071VS5BTJ,I
71042,mountaintop whitlow,B01MXY19UF,I
71042,mountaintop whitlow,B01MT97WUV,I
71042,mountaintop whitlow,B0161YSIJI,I
71042,mountaintop whitlow,B015QLBNA8,E
71042,mountaintop whitlow,B0091W3C3K,E
71042,mountaintop whitlow,1595545840,E
71042,mountaintop whitlow,B073Z5HGZ4,I
71580,multivitamin without vitamin d,B07B6KC1PQ,E
71580,multivitamin without vitamin d,B01FYD6U06,I
71580,multivitamin without vitamin d,B01LX4NBHW,I
71580,multivitamin without vitamin d,B01LXX5Z8Q,E
71580,multivitamin without vitamin d,B01MQ1WOII,S
71580,multivitamin without vitamin d,B0741FMYS1,I
71580,multivitamin without vitamin d,B079YXFCWT,I
71580,multivitamin without vitamin d,B07N9PXGG6,S
71580,multivitamin without vitamin d,B08K1X14PR,E
71580,multivitamin without vitamin d,B084CTBMDN,I
71580,multivitamin without vitamin d,B0855FX1TT,I
71580,multivitamin without vitamin d,B08CY92YHP,I
71580,multivitamin without vitamin d,B08HQNYGL2,I
71580,multivitamin without vitamin d,B01FYD2CP8,S
71580,multivitamin without vitamin d,B08NQ7T56J,I
71580,multivitamin without vitamin d,B08W3LQGTR,I
71580,multivitamin without vitamin d,B09238HLS3,E
71580,multivitamin without vitamin d,B07WSGRB9B,I
71580,multivitamin without vitamin d,B01FC2EPII,E
71580,multivitamin without vitamin d,B01FYDCGZ4,E
71580,multivitamin without vitamin d,B01DHKOS3O,E
71580,multivitamin without vitamin d,B01F44QH62,E
71580,multivitamin without vitamin d,B0009KNLV6,S
71580,multivitamin without vitamin d,B00280M13Y,I
71580,multivitamin without vitamin d,B003G4BP5G,I
71580,multivitamin without vitamin d,B003UEJAQ8,I
71580,multivitamin without vitamin d,B00CBYG1L0,I
71580,multivitamin without vitamin d,B00CX6DM0O,E
71580,multivitamin without vitamin d,B00FOTMGTU,S
71580,multivitamin without vitamin d,B00GB85JR4,I
71580,multivitamin without vitamin d,B00068UALU,I
71580,multivitamin without vitamin d,B00K5NEPHG,S
71580,multivitamin without vitamin d,B00GH9I9RO,S
71580,multivitamin without vitamin d,B00VVQMGMM,E
71580,multivitamin without vitamin d,B00VFYYAC4,E
71580,multivitamin without vitamin d,B01B1JPXGO,S
71580,multivitamin without vitamin d,B00P8DY05K,E
71580,multivitamin without vitamin d,B00P8DXV32,E
71580,multivitamin without vitamin d,B00P8DWIRW,E
71580,multivitamin without vitamin d,B00S7K1432,I
72377,natural spray sunscreen,B07YZQTKCW,E
72377,natural spray sunscreen,B07YZRNP87,E
72377,natural spray sunscreen,B07ZWM9N29,E
72377,natural spray sunscreen,B084R18M8L,E
72377,natural spray sunscreen,B084XPH369,E
72377,natural spray sunscreen,B086L5JMTV,E
72377,natural spray sunscreen,B086R6CJWX,E
72377,natural spray sunscreen,B087H1M3FM,E
72377,natural spray sunscreen,B087HBVDYT,E
72377,natural spray sunscreen,B089GZSBJB,E
72377,natural spray sunscreen,B08QX3QM44,E
72377,natural spray sunscreen,B07R5CLB5D,E
72377,natural spray sunscreen,B08SRBLZ91,E
72377,natural spray sunscreen,B08Y8K6CW9,E
72377,natural spray sunscreen,B08Y8KLYMB,E
72377,natural spray sunscreen,B08YRP4VZS,E
72377,natural spray sunscreen,B091FXYG6Z,E
72377,natural spray sunscreen,B0949LNPZ7,S
72377,natural spray sunscreen,B08JZHG7BD,E
72377,natural spray sunscreen,B08QZXNGFP,E
72377,natural spray sunscreen,B07MG7THP6,E
72377,natural spray sunscreen,B079YS8NJG,E
72377,natural spray sunscreen,B001MF0V3S,I
72377,natural spray sunscreen,B004XGLE7K,E
72377,natural spray sunscreen,B00C7Q9FU6,E
72377,natural spray sunscreen,B00H33ZP3O,S
72377,natural spray sunscreen,B00JJZN1HG,S
72377,natural spray sunscreen,B07G8Q5P8X,E
72377,natural spray sunscreen,B00UTLTC1S,E
72377,natural spray sunscreen,B00V9D7O1U,E
72377,natural spray sunscreen,B00UN2K7JE,E
72377,natural spray sunscreen,B01ALT5MKW,E
72377,natural spray sunscreen,B01ALY9ARS,E
72377,natural spray sunscreen,B01M4GE0W5,E
72377,natural spray sunscreen,B01MQXX9US,S
72377,natural spray sunscreen,B06XZNNKJX,E
72377,natural spray sunscreen,B07175QHYF,S
72377,natural spray sunscreen,B072QYMP4F,E
72377,natural spray sunscreen,B077D3MQCS,E
72377,natural spray sunscreen,B00WB84IRU,E
73213,newborn baby gifts,B07DGKT39L,E
73213,newborn baby gifts,B07S8GBCMV,I
73213,newborn baby gifts,B081Y7PL61,E
73213,newborn baby gifts,B07Q78S742,I
73213,newborn baby gifts,B07P9XC5JL,I
73213,newborn baby gifts,B07MYVXSDH,I
73213,newborn baby gifts,B07H4Q4FXH,I
73213,newborn baby gifts,B079J6LWLN,E
73213,newborn baby gifts,B00X22L0AC,I
73213,newborn baby gifts,B073Q7RY2X,E
73213,newborn baby gifts,B071XC6Y64,I
73213,newborn baby gifts,B06Y22V315,I
73213,newborn baby gifts,B01N7BN23M,I
73213,newborn baby gifts,B014D4HHQI,I
73213,newborn baby gifts,B00M0DWQYI,I
73213,newborn baby gifts,B077PS65DG,I
73351,nick chavez shampoo sulfate,B07ZZHNZG2,S
73351,nick chavez shampoo sulfate,B07YN5ZGZR,S
73351,nick chavez shampoo sulfate,B07QC43BXB,S
73351,nick chavez shampoo sulfate,B07HQVMYWV,S
73351,nick chavez shampoo sulfate,B07D32Y2PX,E
73351,nick chavez shampoo sulfate,B01MDTVV6T,S
73351,nick chavez shampoo sulfate,B01M0MO257,S
73351,nick chavez shampoo sulfate,B00TO9B3I6,S
73351,nick chavez shampoo sulfate,B007SKP3D4,I
73351,nick chavez shampoo sulfate,B007SBWBUG,E
73351,nick chavez shampoo sulfate,B002RC83GC,I
73351,nick chavez shampoo sulfate,B001O4M0XG,I
73351,nick chavez shampoo sulfate,B001O4IK0S,I
73351,nick chavez shampoo sulfate,B01CTNRVFM,S
73456,nighttime face moisturizer for acne,B07D5GQ7RD,E
73456,nighttime face moisturizer for acne,B0747Y61RC,E
73456,nighttime face moisturizer for acne,B01N9SPQHQ,S
73456,nighttime face moisturizer for acne,B01MG4PZK0,S
73456,nighttime face moisturizer for acne,B01M68AVUB,S
73456,nighttime face moisturizer for acne,B00QL1ZJK8,S
73456,nighttime face moisturizer for acne,B00Q5ERAWQ,E
73456,nighttime face moisturizer for acne,B07H42C5F9,E
73456,nighttime face moisturizer for acne,B00NQ7TJMY,S
73456,nighttime face moisturizer for acne,B00LV5NY3I,E
73456,nighttime face moisturizer for acne,B00HNSSPDG,S
73456,nighttime face moisturizer for acne,B008HBMVZ6,E
73456,nighttime face moisturizer for acne,B0041NW66I,S
73456,nighttime face moisturizer for acne,B003RF82UK,S
73456,nighttime face moisturizer for acne,B000052YOX,E
73456,nighttime face moisturizer for acne,B00NR1YQK4,S
73608,nike off whites,B083ZRLGJ6,E
73608,nike off whites,B082LN69HH,E
73608,nike off whites,B07YXCF576,S
73608,nike off whites,B07WZWRKR9,E
73608,nike off whites,B07M61ZW6Y,E
73608,nike off whites,B07H4LSYM6,E
73608,nike off whites,B07DX7DS4T,E
73608,nike off whites,B07DX7ZJR6,S
73608,nike off whites,B078X1CDVN,E
73608,nike off whites,B0763RFYY4,E
73608,nike off whites,B071WLNDNC,S
73608,nike off whites,B071G24255,S
73608,nike off whites,B0064BCF84,E
73608,nike off whites,B004OYUPL2,S
73608,nike off whites,B004OYUPKI,S
73608,nike off whites,B079QMPWWN,E
73723,nikecourt,B07TMQN82Y,E
73723,nikecourt,B07NMZDLGX,E
73723,nikecourt,B07NMYVVS8,E
73723,nikecourt,B07NL9Q5Z7,E
73723,nikecourt,B07MB2V2WQ,S
73723,nikecourt,B07HG9R572,E
73723,nikecourt,B07HG96Y67,E
73723,nikecourt,B07H81QDBK,E
73723,nikecourt,B07H7YWJTM,E
73723,nikecourt,B07BGJLF38,I
73723,nikecourt,B078HQCN5Y,S
73723,nikecourt,B078BFTWFY,S
73723,nikecourt,B06Y1BP3QL,S
73723,nikecourt,B01EALV2DI,S
73723,nikecourt,B0060EEB3M,E
73723,nikecourt,B07CY278GM,E
74188,nomad boots women,B07PKF4RK9,E
74188,nomad boots women,B07PFZ2R3P,E
74188,nomad boots women,B07PFZ2R16,E
74188,nomad boots women,B07H9G9FPW,E
74188,nomad boots women,B07CNKBN97,E
74188,nomad boots women,B07CNGK3H5,E
74188,nomad boots women,B0792G2P5M,E
74188,nomad boots women,B078QTY82K,I
74188,nomad boots women,B074G21VTK,E
74188,nomad boots women,B0151IJZ6A,E
74188,nomad boots women,B0151IHVBQ,E
74188,nomad boots women,B00T9QRGSA,E
74188,nomad boots women,B003VEDREI,E
74188,nomad boots women,B001I15UPK,E
74188,nomad boots women,B0019WO5W2,E
74188,nomad boots women,B01C7KKQJK,E
74825,nutrisystem protein shakes,B0855J2425,E
74825,nutrisystem protein shakes,B084MMYZQ5,S
74825,nutrisystem protein shakes,B082KFS87X,E
74825,nutrisystem protein shakes,B07Z8HD9PJ,S
74825,nutrisystem protein shakes,B07Z8HCWRW,S
74825,nutrisystem protein shakes,B07VXHC2W7,S
74825,nutrisystem protein shakes,B07MFYYZ5B,S
74825,nutrisystem protein shakes,B07HMLLF4W,E
74825,nutrisystem protein shakes,B077C96PJD,S
74825,nutrisystem protein shakes,B075QNCBF1,E
74825,nutrisystem protein shakes,B01M15CTY1,E
74825,nutrisystem protein shakes,B01FZS2VSA,S
74825,nutrisystem protein shakes,B01C9HOTJY,E
74825,nutrisystem protein shakes,B00PM1KCJG,S
74825,nutrisystem protein shakes,B00PM1FMDM,S
74825,nutrisystem protein shakes,B077C87GXJ,S
74829,nutrition bars prime pantry,B01M8G4LCQ,E
74829,nutrition bars prime pantry,B07DVYH58C,E
74829,nutrition bars prime pantry,B07GX3RL17,S
74829,nutrition bars prime pantry,B07D83162X,S
74829,nutrition bars prime pantry,B079X8GVVL,S
74829,nutrition bars prime pantry,B072C38GYH,S
74829,nutrition bars prime pantry,B071ZFKT5F,S
74829,nutrition bars prime pantry,B01M8G4ILH,E
74829,nutrition bars prime pantry,B007PE7ANY,E
74829,nutrition bars prime pantry,B019EGM8G4,E
74829,nutrition bars prime pantry,B01126O3OY,S
74829,nutrition bars prime pantry,B00U58SHAW,E
74829,nutrition bars prime pantry,B00ID0OWUS,S
74829,nutrition bars prime pantry,B00I8QZ7OW,S
74829,nutrition bars prime pantry,B003TNANSO,E
74829,nutrition bars prime pantry,B01K1XRMXS,S
75233,ofuro tub,B08BPJ3DJP,I
75233,ofuro tub,B088V3GJWN,S
75233,ofuro tub,B085CMF58K,S
75233,ofuro tub,B086WGNZGL,S
75233,ofuro tub,B086VSVZQ5,S
75233,ofuro tub,B08FR8SNB7,S
75233,ofuro tub,B0882Z4NGZ,S
75233,ofuro tub,B08GPSTMDG,S
75233,ofuro tub,B08P4XZGML,S
75233,ofuro tub,B08J1FK7TF,E
75233,ofuro tub,B08JXVT1W4,S
75233,ofuro tub,B08NXVKN7L,E
75233,ofuro tub,B08SM77V7B,I
75233,ofuro tub,B091Y48289,S
75233,ofuro tub,B093XQ5378,S
75233,ofuro tub,B0977Z594R,S
75233,ofuro tub,B083DQ3KG1,S
75233,ofuro tub,B08HRZLVJK,E
75233,ofuro tub,B07Y1F8VJJ,S
75233,ofuro tub,B07VKFQWZ5,E
75233,ofuro tub,B00198F7VE,S
75233,ofuro tub,B07X8GSP1M,S
75233,ofuro tub,B007NZVGKI,S
75233,ofuro tub,B008XSXQIO,S
75233,ofuro tub,B00AO083LO,E
75233,ofuro tub,B00LHURMCQ,S
75233,ofuro tub,B075QBCC3C,S
75233,ofuro tub,B077ZWDBVY,E
75233,ofuro tub,B0792RCNS8,S
75233,ofuro tub,B06XP7G8JK,E
75233,ofuro tub,B07F2H3NL8,S
75233,ofuro tub,B07D8TG1ND,S
75233,ofuro tub,B07P64M89S,S
75233,ofuro tub,B07MLDT8MR,E
75233,ofuro tub,B07MFHRPNH,E
75233,ofuro tub,B07RRKB559,E
75233,ofuro tub,B07HL41D6V,E
75233,ofuro tub,B07GLJY16P,S
75233,ofuro tub,B07M6S418N,E
75337,ok to wake clock,B07YTS1KWP,E
75337,ok to wake clock,B08G85N7WY,E
75337,ok to wake clock,B08BZ4K3J4,E
75337,ok to wake clock,B08BLHV3BP,E
75337,ok to wake clock,B08B8PFZJW,E
75337,ok to wake clock,B087Q523RC,E
75337,ok to wake clock,B08612KXHD,E
75337,ok to wake clock,B08591F6QS,E
75337,ok to wake clock,B084JHGMF4,E
75337,ok to wake clock,B083K53VLR,E
75337,ok to wake clock,B081VFW4FM,S
75337,ok to wake clock,B07ZVFHHJY,S
75337,ok to wake clock,B08BHNWTQB,E
75337,ok to wake clock,B07YDH9H5S,E
75337,ok to wake clock,B07VLQ7SH6,E
75337,ok to wake clock,B07XC94WDK,S
75337,ok to wake clock,B002RNKOM2,E
75337,ok to wake clock,B06XMRCC94,S
75337,ok to wake clock,B078Z5FHG9,S
75337,ok to wake clock,B0796WY8HZ,E
75337,ok to wake clock,B002TKLN46,S
75337,ok to wake clock,B07L37PHZG,E
75337,ok to wake clock,B07N1HYZ9Z,S
75337,ok to wake clock,B07PW2DWK3,S
75337,ok to wake clock,B07VLBVNX5,S
75337,ok to wake clock,B07DVYVRXW,E
75512,om wall decal,B07DWXHMKL,E
75512,om wall decal,B07H8XYCX6,E
75512,om wall decal,B07HFX1YY2,E
75512,om wall decal,B07KCG4GWN,S
75512,om wall decal,B07NLG6KJJ,S
75512,om wall decal,B07NPMHYY9,S
75512,om wall decal,B07NPQ5MBH,S
75512,om wall decal,B07PHF7S91,E
75512,om wall decal,B082VNWXYC,E
75512,om wall decal,B07PLGZDHF,S
75512,om wall decal,B07V3MTFGZ,E
75512,om wall decal,B08DRDRVXG,S
75512,om wall decal,B08S6Q39VC,E
75512,om wall decal,B08T4S1WDW,E
75512,om wall decal,B08ZH521K9,E
75512,om wall decal,B09DKN1CVH,E
75512,om wall decal,B07D7M6YR4,S
75512,om wall decal,B07PHGKW6T,S
75512,om wall decal,B07CSKL96J,S
75512,om wall decal,B081W93R5C,E
75512,om wall decal,B07BL16CH2,E
75512,om wall decal,B00809BS54,E
75512,om wall decal,B008WWV9M6,E
75512,om wall decal,B00MF5GRFK,E
75512,om wall decal,B00TPLW2LA,S
75512,om wall decal,B010TUESDK,E
75512,om wall decal,B01BTRKLK6,S
75512,om wall decal,B01CN3SERM,E
75512,om wall decal,B01D4LSZTY,E
75512,om wall decal,B01D4LT0VG,E
75512,om wall decal,B07C3NT22Y,E
75512,om wall decal,B01D4LT87W,E
75512,om wall decal,B01D4LT2Y6,E
75512,om wall decal,B075WGRC4Y,S
75512,om wall decal,B074QQN5YH,E
75512,om wall decal,B01ND01F85,E
75512,om wall decal,B076L4XM7W,E
75512,om wall decal,B01LSY11EU,E
75512,om wall decal,B01IT9EH1Q,E
75512,om wall decal,B01MAWCY1H,E
75795,opaque acrylic paint,B07LC26753,S
75795,opaque acrylic paint,B083KP2JL8,S
75795,opaque acrylic paint,B083KNG3CM,S
75795,opaque acrylic paint,B0814XV9X6,S
75795,opaque acrylic paint,B07YGTXZSR,S
75795,opaque acrylic paint,B07P9Y1DJ8,S
75795,opaque acrylic paint,B07NYY8XNP,S
75795,opaque acrylic paint,B07KVW48TZ,S
75795,opaque acrylic paint,B00251I66C,S
75795,opaque acrylic paint,B077WSBLZ1,S
75795,opaque acrylic paint,B072594MLP,E
75795,opaque acrylic paint,B00NVF7OYG,E
75795,opaque acrylic paint,B008UGGMCQ,E
75795,opaque acrylic paint,B008GLPW3K,E
75795,opaque acrylic paint,B0018N4P54,S
75795,opaque acrylic paint,B078CYZJ2C,S
75936,orange comforter,B07K8QHJ5Y,E
75936,orange comforter,B07WT1DMS5,S
75936,orange comforter,B07MC17RBV,S
75936,orange comforter,B07KFBFY6X,S
75936,orange comforter,B0784GPVT3,S
75936,orange comforter,B01IN59I9M,S
75936,orange comforter,B073GF5CFC,S
75936,orange comforter,B01DCKN6LY,E
75936,orange comforter,B01CVP4AU2,E
75936,orange comforter,B00U85DO3W,E
75936,orange comforter,B074P1WLGM,E
76651,outdoor porch christmas lamp post,B07GP5QDF3,E
76651,outdoor porch christmas lamp post,B07QYCL663,S
76651,outdoor porch christmas lamp post,B07QW5LN8R,S
76651,outdoor porch christmas lamp post,B07PX284KN,S
76651,outdoor porch christmas lamp post,B07PM8DBBM,S
76651,outdoor porch christmas lamp post,B07P83H65G,S
76651,outdoor porch christmas lamp post,B07MP1KH9T,S
76651,outdoor porch christmas lamp post,B07GF2PDYD,S
76651,outdoor porch christmas lamp post,B073XXBXBC,E
76651,outdoor porch christmas lamp post,B0777M5M7T,E
76651,outdoor porch christmas lamp post,B0752JX883,S
76651,outdoor porch christmas lamp post,B074NZLBY3,E
76651,outdoor porch christmas lamp post,B074GM132R,S
76651,outdoor porch christmas lamp post,B010HTTB1W,S
76651,outdoor porch christmas lamp post,B00378K7GO,E
76651,outdoor porch christmas lamp post,B078W31942,S
77486,panerai watches outfit,B07D6T47WD,C
77486,panerai watches outfit,B07F7PZH64,S
77486,panerai watches outfit,B07FDNP55K,S
77486,panerai watches outfit,B07FKKGKQP,S
77486,panerai watches outfit,B07FNY6YN4,C
77486,panerai watches outfit,B07HNCDS1Q,C
77486,panerai watches outfit,B08YZ7LPBQ,S
77486,panerai watches outfit,B07L8KSH18,E
77486,panerai watches outfit,B07R8KL835,C
77486,panerai watches outfit,B07MZJJN2M,C
77486,panerai watches outfit,B07R3V5CD3,S
77486,panerai watches outfit,B07RHJPH29,E
77486,panerai watches outfit,B07S93ZKRY,S
77486,panerai watches outfit,B07X34MX6P,S
77486,panerai watches outfit,B07YL2NNDT,S
77486,panerai watches outfit,B087D34ZG4,S
77486,panerai watches outfit,B07CYPVGWY,I
77486,panerai watches outfit,B07M769K5J,C
77486,panerai watches outfit,B07CS9NKX7,C
77486,panerai watches outfit,B01ASOAZAC,C
77486,panerai watches outfit,B077ZTQ379,S
77486,panerai watches outfit,B002SSUQFG,S
77486,panerai watches outfit,B0043RWFO0,S
77486,panerai watches outfit,B0044XDZII,S
77486,panerai watches outfit,B008OC18JS,S
77486,panerai watches outfit,B00EVIIBLC,C
77486,panerai watches outfit,B07B5T3PPQ,S
77486,panerai watches outfit,B00G4EJRNM,S
77486,panerai watches outfit,B00PVN1DC0,C
77486,panerai watches outfit,B00F83AHRA,I
77486,panerai watches outfit,B012W17SZY,E
77486,panerai watches outfit,B01DEUU0J8,S
77486,panerai watches outfit,B01I27EKYE,E
77486,panerai watches outfit,B01IW4PRN0,S
77486,panerai watches outfit,B0721LL5K2,S
77486,panerai watches outfit,B0748GYK97,E
77486,panerai watches outfit,B074M8JQ3Z,S
77486,panerai watches outfit,B00WM0CF4A,E
77788,parachute cord and buckle,B07PKRTH9K,E
77788,parachute cord and buckle,B0891QBPMX,E
77788,parachute cord and buckle,B08889FY51,E
77788,parachute cord and buckle,B086YWJDW8,E
77788,parachute cord and buckle,B0855DK1MC,E
77788,parachute cord and buckle,B07XJNDQTJ,E
77788,parachute cord and buckle,B07VRYZ1W3,E
77788,parachute cord and buckle,B07H1YZZRQ,E
77788,parachute cord and buckle,B00FDY977U,C
77788,parachute cord and buckle,B07CWJRRX9,E
77788,parachute cord and buckle,B06VY5DQTN,E
77788,parachute cord and buckle,B01N37BD5J,E
77788,parachute cord and buckle,B01F39R582,E
77788,parachute cord and buckle,B015P7Z0A2,E
77788,parachute cord and buckle,B00A2GNRW0,E
77788,parachute cord and buckle,B07D29272H,E
78001,pastel backpacks,B089KTSVTT,E
78001,pastel backpacks,B081F11CM4,E
78001,pastel backpacks,B081DZQ9JK,E
78001,pastel backpacks,B081DZNK4K,E
78001,pastel backpacks,B081DY8WCH,E
78001,pastel backpacks,B07WFTP1V8,S
78001,pastel backpacks,B07VFCWZ8W,S
78001,pastel backpacks,B07VBYFJPM,S
78001,pastel backpacks,B077GQPPBG,E
78001,pastel backpacks,B07CZDVGLJ,E
78001,pastel backpacks,B07CRW9L7H,S
78001,pastel backpacks,B07BK4DLXS,S
78001,pastel backpacks,B072F1N9VB,S
78001,pastel backpacks,B071VV2H79,S
78001,pastel backpacks,B013TGF9YS,S
78001,pastel backpacks,B07PPHTC2Q,S
78247,pawwag glasses,B07PYNB7VC,E
78247,pawwag glasses,B08CXMGY18,E
78247,pawwag glasses,B08BYFXTF6,S
78247,pawwag glasses,B08BC5R7K5,S
78247,pawwag glasses,B085XG9TNH,S
78247,pawwag glasses,B085NSGDX2,S
78247,pawwag glasses,B07YKPYMQK,S
78247,pawwag glasses,B07PYMYCX2,E
78247,pawwag glasses,B01F13BCOI,S
78247,pawwag glasses,B07G7ZN8GD,S
78247,pawwag glasses,B07CYRV1GN,S
78247,pawwag glasses,B07CG6N4GN,E
78247,pawwag glasses,B078VV67DT,C
78247,pawwag glasses,B01NCMQAR2,C
78247,pawwag glasses,B01H85BZ6M,S
78247,pawwag glasses,B07GHGKF9B,S
79057,perplexus maze ball,B07TKVC5VG,S
79057,perplexus maze ball,B081RKSF1K,S
79057,perplexus maze ball,B07YLXKRKG,E
79057,perplexus maze ball,B082T278BX,E
79057,perplexus maze ball,B07VCK23SC,S
79057,perplexus maze ball,B07TQJL9S2,S
79057,perplexus maze ball,B07QLKYBKJ,S
79057,perplexus maze ball,B07YBV9JF2,S
79057,perplexus maze ball,B07GNXJRT8,E
79057,perplexus maze ball,B07BHJVDRQ,E
79057,perplexus maze ball,B079MHGC2K,E
79057,perplexus maze ball,B076FG7V61,E
79057,perplexus maze ball,B01N4H4NZY,E
79057,perplexus maze ball,B01EKPAAQE,E
79057,perplexus maze ball,B00CNNPNQI,E
79057,perplexus maze ball,B07NFRB7PL,E
79204,pet boundry flags,B081ZGLNRT,E
79204,pet boundry flags,B081DN46SR,E
79204,pet boundry flags,B07YQ38LM1,E
79204,pet boundry flags,B07LCGX1SN,S
79204,pet boundry flags,B07N316V8C,I
79204,pet boundry flags,B07G98G91P,E
79204,pet boundry flags,B081ZH199W,S
79204,pet boundry flags,B07P68FCHJ,S
79204,pet boundry flags,B0821NR2SL,E
79204,pet boundry flags,B091XWLJLH,E
79204,pet boundry flags,B08DXZ4BSY,E
79204,pet boundry flags,B08FRMBKKL,I
79204,pet boundry flags,B08MQZ4ZLR,E
79204,pet boundry flags,B08MS126VW,I
79204,pet boundry flags,B0964WBTTK,E
79204,pet boundry flags,B08MS8833Y,E
79204,pet boundry flags,B095Y3MV3S,I
79204,pet boundry flags,B06XJMWKHC,S
79204,pet boundry flags,B0866BVYBQ,E
79204,pet boundry flags,B01H5QNAQ2,E
79204,pet boundry flags,B000A76ZYS,C
79204,pet boundry flags,B00TR76J8Y,S
79204,pet boundry flags,B01DZS4PSQ,E
79204,pet boundry flags,B0000DAPGK,S
79204,pet boundry flags,B0001ZWZ8O,S
79204,pet boundry flags,B0009811TW,I
79204,pet boundry flags,B000LRJ7EM,E
79204,pet boundry flags,B00115F3FA,S
79204,pet boundry flags,B0017DGFSA,I
79204,pet boundry flags,B0055L8RRC,S
79204,pet boundry flags,B000P7NXWK,E
79204,pet boundry flags,B008M40UMY,E
79204,pet boundry flags,B0081ZRO32,E
79204,pet boundry flags,B00K2DG8UG,S
79204,pet boundry flags,B00K1JB022,E
79204,pet boundry flags,B00ETAIE0A,E
79204,pet boundry flags,B00OI20SXA,I
79204,pet boundry flags,B00CKFL93K,I
79204,pet boundry flags,B00CA5UW7Y,I
79204,pet boundry flags,B00DDXS9QI,S
79281,petechtool,B082HMLF5W,E
79281,petechtool,B07XGK69FQ,E
79281,petechtool,B07VZZZWGH,E
79281,petechtool,B07VZMD65F,E
79281,petechtool,B07VZM477M,E
79281,petechtool,B07T68QSM3,E
79281,petechtool,B07T2ZBDJ2,E
79281,petechtool,B07SWXYB9H,E
79281,petechtool,B07SQLH5Q3,E
79281,petechtool,B07SQLBZJQ,E
79281,petechtool,B07SQLB917,E
79281,petechtool,B07MQB7STL,E
79281,petechtool,B07D3DTR9Q,E
79281,petechtool,B072K49SHQ,E
79281,petechtool,B072JQ98DF,S
79281,petechtool,B07SRNSWR5,E
79466,phillps air fryers best seller prime,B084KGWMMD,E
79466,phillps air fryers best seller prime,B07T4H9R94,S
79466,phillps air fryers best seller prime,B07S76WBGF,S
79466,phillps air fryers best seller prime,B07R6TZMZL,S
79466,phillps air fryers best seller prime,B07QHSZGXC,S
79466,phillps air fryers best seller prime,B07GJJ71XS,S
79466,phillps air fryers best seller prime,B07GJBBGHG,S
79466,phillps air fryers best seller prime,B07W67NQMN,S
79466,phillps air fryers best seller prime,B07FDJMC9Q,S
79466,phillps air fryers best seller prime,B0777RJG6D,S
79466,phillps air fryers best seller prime,B073HCC134,S
79466,phillps air fryers best seller prime,B06Y39KPZ4,E
79466,phillps air fryers best seller prime,B01KI0Q1UY,S
79466,phillps air fryers best seller prime,B01DIQ817G,S
79466,phillps air fryers best seller prime,B00D7N43UA,E
79466,phillps air fryers best seller prime,B07G3V9K17,E
79708,piano accessories,B0773R5QVY,E
79708,piano accessories,B07K8FQFN8,E
79708,piano accessories,B09F8Y2798,E
79708,piano accessories,B079JJZXJ4,E
79708,piano accessories,B07D6ZVDT6,C
79708,piano accessories,B07BWLQSFP,E
79708,piano accessories,B07MGHK7JY,E
79708,piano accessories,B07DK7PDFH,E
79708,piano accessories,B07Q396457,E
79708,piano accessories,B086ZJ9NMJ,E
79708,piano accessories,B07ZYZS9QW,I
79708,piano accessories,B0862G4SJ9,E
79708,piano accessories,B08CZMZFSQ,E
79708,piano accessories,B08JY6XCMY,E
79708,piano accessories,B08K35P6B2,E
79708,piano accessories,B08V8TBMRT,I
79708,piano accessories,B08ZHHYHHS,E
79708,piano accessories,B07YCVFFL3,E
79708,piano accessories,B07664BNF2,E
79708,piano accessories,B01F8BY2AO,E
79708,piano accessories,B073PZVSQ2,E
79708,piano accessories,B07574VQPQ,E
79708,piano accessories,B00006M1DG,I
79708,piano accessories,B00063678K,E
79708,piano accessories,B001OCGGEM,E
79708,piano accessories,B004MDR1F8,I
79708,piano accessories,B008PIVRY2,E
79708,piano accessories,B00I362NXU,E
79708,piano accessories,B00LWGBP5K,E
79708,piano accessories,B0077BLEBY,E
79708,piano accessories,B00M9K7L8S,I
79708,piano accessories,B00LWGLM08,C
79708,piano accessories,B01N1WH6MG,E
79708,piano accessories,B01LX1H4HC,E
79708,piano accessories,B01IP8C04M,E
79708,piano accessories,B01N6ZJH96,E
79708,piano accessories,B01CZTOPSG,E
79708,piano accessories,B00PUV6JF4,E
79708,piano accessories,B01HBJ7B3Q,C
80985,plastic babies,B083Q683R1,E
80985,plastic babies,B083K3TSZ2,E
80985,plastic babies,B081F8BNT3,E
80985,plastic babies,B0814SJPNJ,E
80985,plastic babies,B07ZKKVYLC,E
80985,plastic babies,B07XY5S8V1,E
80985,plastic babies,B07XPJFVPT,E
80985,plastic babies,B07T1HYCCJ,S
80985,plastic babies,B07P2YD1T5,E
80985,plastic babies,B07S8WF81X,E
80985,plastic babies,B07C556W9H,E
80985,plastic babies,B07N4C3FDC,E
80985,plastic babies,B07SG1PGGK,E
80985,plastic babies,B07PSM5QWH,E
80985,plastic babies,B07RS19JTH,E
80985,plastic babies,B07PLRZF36,E
81329,playstation 4 time management games,B07ZNSL3PW,I
81329,playstation 4 time management games,B07WSJ44GM,I
81329,playstation 4 time management games,B07SJHNPPC,I
81329,playstation 4 time management games,B07RKS6YZL,I
81329,playstation 4 time management games,B07GSN3BFR,I
81329,playstation 4 time management games,B07DTH2SS3,I
81329,playstation 4 time management games,B07DQ6F6S9,I
81329,playstation 4 time management games,B07X2G2R97,I
81329,playstation 4 time management games,B073NS7WHR,I
81329,playstation 4 time management games,B071K9L3KX,E
81329,playstation 4 time management games,B06XKNZT1P,I
81329,playstation 4 time management games,B01GKHJPG6,S
81329,playstation 4 time management games,B007VJ06Q6,I
81329,playstation 4 time management games,B004AYMCRG,I
81329,playstation 4 time management games,B000AQ691I,I
81329,playstation 4 time management games,B077Y4VMZ7,S
81400,plug candle warmer,B07SKT9QWR,E
81400,plug candle warmer,B07VHSZFY9,E
81400,plug candle warmer,B07TSN384X,C
81400,plug candle warmer,B082Y51DVH,E
81400,plug candle warmer,B07R6MRDKD,E
81400,plug candle warmer,B07W7NVC9K,E
81400,plug candle warmer,B07GS3BMK7,E
81400,plug candle warmer,B07PZCKPC7,E
81400,plug candle warmer,B079ZB1S9C,E
81400,plug candle warmer,B07CNGWZCH,E
81400,plug candle warmer,B0747VJY73,S
81400,plug candle warmer,B01N6PKP1Y,E
81400,plug candle warmer,B01LXAZ52O,S
81400,plug candle warmer,B00HESXYU4,E
81400,plug candle warmer,B0075PVGRE,S
81400,plug candle warmer,B001NSVDMC,S
81702,pogo ball for kids,B086BW3WWB,E
81702,pogo ball for kids,B085H7NB5L,E
81702,pogo ball for kids,B083HBWJQ3,E
81702,pogo ball for kids,B083H9DYLS,E
81702,pogo ball for kids,B081BDZ9RK,S
81702,pogo ball for kids,B07XJ81N8T,E
81702,pogo ball for kids,B07NPBYKX1,E
81702,pogo ball for kids,B07J3F998T,E
81702,pogo ball for kids,B000N5OIE6,E
81702,pogo ball for kids,B078ZHVXPN,E
81702,pogo ball for kids,B076H7B39T,S
81702,pogo ball for kids,B071KD2B97,E
81702,pogo ball for kids,B00G7L205E,E
81702,pogo ball for kids,B0042SWNRY,S
81702,pogo ball for kids,B001CI6AYO,S
81702,pogo ball for kids,B07G9GQ55T,E
82174,pool skimmer basket,B006H3XXGW,E
82174,pool skimmer basket,B081ZD6SFD,C
82174,pool skimmer basket,B07FB7X5XM,E
82174,pool skimmer basket,B01F49GY10,E
82174,pool skimmer basket,B00KHUQB88,E
82174,pool skimmer basket,B00GSXSII4,E
82174,pool skimmer basket,B00BR3WTDA,E
82174,pool skimmer basket,B004SQSEF0,E
82174,pool skimmer basket,B003WGSXTO,E
82174,pool skimmer basket,B003VJUVW4,E
82174,pool skimmer basket,B003A6DHCO,C
82174,pool skimmer basket,B0037RT38S,E
82174,pool skimmer basket,B001ELYC3A,E
82174,pool skimmer basket,B001ELW98K,E
82174,pool skimmer basket,B000UH9S3I,E
82174,pool skimmer basket,B000F71FE8,E
82314,popular 5yr old boys toys,B07VB2ZQ3T,E
82314,popular 5yr old boys toys,B07STYLDCG,S
82314,popular 5yr old boys toys,B07S6FDHPN,E
82314,popular 5yr old boys toys,B07S3177WD,E
82314,popular 5yr old boys toys,B07RWWH2L4,S
82314,popular 5yr old boys toys,B07Q3DN163,S
82314,popular 5yr old boys toys,B07MFYC7F9,E
82314,popular 5yr old boys toys,B081X6XY82,S
82314,popular 5yr old boys toys,B07DKFM3P9,S
82314,popular 5yr old boys toys,B07GWPVCZK,S
82314,popular 5yr old boys toys,B008RU8GC4,E
82314,popular 5yr old boys toys,B01M25O8E0,S
82314,popular 5yr old boys toys,B07QRRTYBL,E
82314,popular 5yr old boys toys,B0757GZYPP,S
82314,popular 5yr old boys toys,B071J4VSHJ,E
82314,popular 5yr old boys toys,B0778PZC56,S
83693,propane tank regulator btu,B07PYV2NMZ,S
83693,propane tank regulator btu,B07ZCRFLHD,S
83693,propane tank regulator btu,B088LYJKQP,S
83693,propane tank regulator btu,B07YHC58TG,S
83693,propane tank regulator btu,B07WK2GZGD,S
83693,propane tank regulator btu,B07W87SKTP,S
83693,propane tank regulator btu,B07PYVNJ2Z,S
83693,propane tank regulator btu,B07GRFTR4S,S
83693,propane tank regulator btu,B0024ECBMA,E
83693,propane tank regulator btu,B07263CMYG,S
83693,propane tank regulator btu,B071D1SYLY,S
83693,propane tank regulator btu,B06ZY5W3R7,E
83693,propane tank regulator btu,B01M4SA4PG,S
83693,propane tank regulator btu,B00V8JJGOI,S
83693,propane tank regulator btu,B0014E3MSI,E
83693,propane tank regulator btu,B078K8DSXC,E
84479,purell hand sanitizer travel size,B086NFJGHS,E
84479,purell hand sanitizer travel size,B08BG8DQQK,S
84479,purell hand sanitizer travel size,B08B13HL2Q,S
84479,purell hand sanitizer travel size,B0891QH3GZ,S
84479,purell hand sanitizer travel size,B088PXV2YT,S
84479,purell hand sanitizer travel size,B088P4HW8Q,S
84479,purell hand sanitizer travel size,B086Y7NK9W,S
84479,purell hand sanitizer travel size,B08679SL27,S
84479,purell hand sanitizer travel size,B00U0Z1HG6,E
84479,purell hand sanitizer travel size,B0865JRFFM,S
84479,purell hand sanitizer travel size,B07PVLB98X,S
84479,purell hand sanitizer travel size,B07K7T1XXS,E
84479,purell hand sanitizer travel size,B06Y63K8XY,S
84479,purell hand sanitizer travel size,B00PG8SRLK,E
84479,purell hand sanitizer travel size,B001Q23J3G,S
84479,purell hand sanitizer travel size,B08676ZVL4,S
84507,purina one puppy dog food,B07SRXLMH4,S
84507,purina one puppy dog food,B01EYB3PDY,E
84507,purina one puppy dog food,B01FXDB8ZE,I
84507,purina one puppy dog food,B01G8JLE0Q,E
84507,purina one puppy dog food,B01M7RNPLW,E
84507,purina one puppy dog food,B01MG69LJU,E
84507,purina one puppy dog food,B01MPYECJ5,E
84507,purina one puppy dog food,B01NA9TN3D,I
84507,purina one puppy dog food,B0777S5TGW,E
84507,purina one puppy dog food,B073PCGRR2,E
84507,purina one puppy dog food,B076D92FSN,I
84507,purina one puppy dog food,B077Q23TND,I
84507,purina one puppy dog food,B07CWRN594,E
84507,purina one puppy dog food,B07KZCGXPS,E
84507,purina one puppy dog food,B07QFB4FTP,I
84507,purina one puppy dog food,B07RW87GNY,E
84507,purina one puppy dog food,B0176RHNOA,E
84507,purina one puppy dog food,B072BG835Z,I
84507,purina one puppy dog food,B016H4HLAO,I
84507,purina one puppy dog food,B01ADDG5N4,S
84507,purina one puppy dog food,B00HATARX4,E
84507,purina one puppy dog food,B00HYF0OJ6,E
84507,purina one puppy dog food,B0000AH3RR,I
84507,purina one puppy dog food,B000634CF0,S
84507,purina one puppy dog food,B000PTS2G0,E
84507,purina one puppy dog food,B000PTS2JW,E
84507,purina one puppy dog food,B000YZH81A,E
84507,purina one puppy dog food,B001BDEI6W,I
84507,purina one puppy dog food,B003M674QC,S
84507,purina one puppy dog food,B004INAQVI,E
84507,purina one puppy dog food,B001BDD26Y,E
84507,purina one puppy dog food,B006JG492O,E
84507,purina one puppy dog food,B005F42UJA,S
84507,purina one puppy dog food,B00FH0BKJS,E
84507,purina one puppy dog food,B00E1YZTRU,E
84507,purina one puppy dog food,B009IOCCD2,E
84507,purina one puppy dog food,B00HATAPG8,I
84507,purina one puppy dog food,B0094RW6ZC,E
84507,purina one puppy dog food,B008K2YJFW,E
84507,purina one puppy dog food,B0094RW7GA,I
85047,quick release steering wheel,B07NBXXKS3,E
85047,quick release steering wheel,B086GMP18C,E
85047,quick release steering wheel,B0822KNLSS,C
85047,quick release steering wheel,B081C5QHCK,C
85047,quick release steering wheel,B07VR7H3ZG,E
85047,quick release steering wheel,B07PP7BXQD,E
85047,quick release steering wheel,B01N6NL7PW,E
85047,quick release steering wheel,B07FVTD9JP,E
85047,quick release steering wheel,B005KFILFG,C
85047,quick release steering wheel,B007ZG6TUC,E
85047,quick release steering wheel,B005KFG3PG,C
85047,quick release steering wheel,B005HY2RL4,E
85047,quick release steering wheel,B005GMA6VA,E
85047,quick release steering wheel,B003TTRQ8S,E
85047,quick release steering wheel,B003TQ7Q22,E
85047,quick release steering wheel,B001G0EMG6,C
86206,recpro water heater tankless,B010Q1XG7G,S
86206,recpro water heater tankless,B07CVNRWP5,I
86206,recpro water heater tankless,B07CVNS6PW,E
86206,recpro water heater tankless,B07CVPHQJT,S
86206,recpro water heater tankless,B07CVQGNHT,E
86206,recpro water heater tankless,B0058K3WNO,S
86206,recpro water heater tankless,B07M65FJCQ,E
86206,recpro water heater tankless,B07MDZC6KG,S
86206,recpro water heater tankless,B07Q1CL1TP,S
86206,recpro water heater tankless,B083LBNY18,S
86206,recpro water heater tankless,B084GWQLSP,E
86206,recpro water heater tankless,B010Q1XDSI,S
86206,recpro water heater tankless,B07CW426QZ,S
86206,recpro water heater tankless,B010Q1XD1U,S
86206,recpro water heater tankless,B002635ODW,S
86206,recpro water heater tankless,B00M05IUE6,S
86206,recpro water heater tankless,B001AHO8AK,S
86206,recpro water heater tankless,B001LZRF9M,S
86206,recpro water heater tankless,B002Y0K6AI,S
86206,recpro water heater tankless,B00388M4B4,S
86206,recpro water heater tankless,B0047RAQZG,S
86206,recpro water heater tankless,B00OBVKB5S,S
86206,recpro water heater tankless,B0058DQLPW,S
86206,recpro water heater tankless,B0058K3WWU,S
86206,recpro water heater tankless,B005NM3K2K,S
86206,recpro water heater tankless,B00CI4YS3G,S
86206,recpro water heater tankless,B00DSKJ38Y,E
86206,recpro water heater tankless,B00529DDUI,S
86237,red accent table,B07X2NTJGF,E
86237,red accent table,B07VHZMGSX,E
86237,red accent table,B07S18T566,S
86237,red accent table,B0797N6HCZ,S
86237,red accent table,B07G1W8S5W,S
86237,red accent table,B07DZYR5FY,I
86237,red accent table,B07X973LP9,S
86237,red accent table,B07KNPKQZ9,E
86237,red accent table,B083234J4J,S
86237,red accent table,B073JF32TC,S
86237,red accent table,B08592G5N5,S
86237,red accent table,B088XT2P7T,E
86237,red accent table,B08HCY8SJ8,I
86237,red accent table,B08SF2GMVL,E
86237,red accent table,B08T67GH15,S
86237,red accent table,B097TQRKKQ,S
86237,red accent table,B08X6XH4R4,S
86237,red accent table,B097MVTZXK,S
86237,red accent table,B0835641F8,E
86237,red accent table,B01N1JPPBB,E
86237,red accent table,B0073H4P72,S
86237,red accent table,B019KX8UUY,I
86237,red accent table,B01BLF636C,E
86237,red accent table,B005O2ADTM,E
86237,red accent table,B0060NQG7W,E
86237,red accent table,B007YS5H90,S
86237,red accent table,B009BIQNEO,E
86237,red accent table,B00BPPY7O4,E
86237,red accent table,B00DZBZYTS,S
86237,red accent table,B00GCEXU5K,S
86237,red accent table,B00BJ7AH4M,E
86237,red accent table,B00KLAXFQ0,I
86237,red accent table,B00GM4QWRS,E
86237,red accent table,B010S2WA3E,E
86237,red accent table,B00ZDS6ML0,S
86237,red accent table,B00V8KM5G8,E
86237,red accent table,B019EIRQMI,E
86237,red accent table,B00QLJWCW8,S
86237,red accent table,B00MOJ1N1U,E
86237,red accent table,B00RCXH3VC,E
86369,red glow powder,B07NQKZ5RC,S
86369,red glow powder,B07SN92NS3,S
86369,red glow powder,B07ST5VX5C,S
86369,red glow powder,B07SYYKLWH,S
86369,red glow powder,B07SZ863CL,S
86369,red glow powder,B07T541Q5K,E
86369,red glow powder,B07WLWL42G,E
86369,red glow powder,B07YTRCTDB,E
86369,red glow powder,B08GNXFB3G,S
86369,red glow powder,B088TGGJFN,S
86369,red glow powder,B089GFZW6G,E
86369,red glow powder,B08J2PVQ28,E
86369,red glow powder,B08QV9JH2S,S
86369,red glow powder,B08V5L75CZ,E
86369,red glow powder,B0912Y1V13,S
86369,red glow powder,B098KRVRCX,S
86369,red glow powder,B07NNWVLJ1,E
86369,red glow powder,B083L2H1KT,I
86369,red glow powder,B07MGW343C,S
86369,red glow powder,B08LDBVP2Q,S
86369,red glow powder,B07GM29CPG,S
86369,red glow powder,B07GNFSFN9,S
86369,red glow powder,B008OR8XD2,E
86369,red glow powder,B00ADG5F10,S
86369,red glow powder,B00DG6UMVW,S
86369,red glow powder,B00HAS2JK4,S
86369,red glow powder,B019AT4DS6,S
86369,red glow powder,B01K0DQVPE,E
86369,red glow powder,B01K0YRDKK,S
86369,red glow powder,B01LY6H9U5,E
86369,red glow powder,B01K081N16,E
86369,red glow powder,B06XHVCGLJ,E
86369,red glow powder,B07BNHCK4Q,S
86369,red glow powder,B01N3MQJ8H,E
86369,red glow powder,B076KK8RB2,I
86369,red glow powder,B075WVHM53,S
86369,red glow powder,B07BH67CJJ,S
86369,red glow powder,B074R769X8,S
86369,red glow powder,B071KD9L8W,S
86369,red glow powder,B074SD9F7Q,E
86707,refund without return,B093QSC55V,I
86707,refund without return,B0928VFLQX,I
86707,refund without return,B08Y1LCTX8,I
86707,refund without return,B08WJ1CSGD,E
86707,refund without return,B07YXQ9JZR,E
86707,refund without return,B07CGB5QTX,I
86707,refund without return,B0792NGW3T,I
86707,refund without return,B01K5KBZ2Q,I
86707,refund without return,B01DMLLOCG,E
86707,refund without return,B00WJWMJRE,E
86707,refund without return,B00U92TZFA,I
86707,refund without return,B071GB55KV,I
87471,rf radio antenna,B075MBXBY2,C
87471,rf radio antenna,B084YQ8V2H,C
87471,rf radio antenna,B08132DJLS,C
87471,rf radio antenna,B07Z5VY7B6,C
87471,rf radio antenna,B07QP6DD3H,S
87471,rf radio antenna,B07PRDYDV4,E
87471,rf radio antenna,B078MB9W6V,C
87471,rf radio antenna,B072L7WPK6,S
87471,rf radio antenna,B014ZT3BA2,C
87471,rf radio antenna,B071DFQGXY,C
87471,rf radio antenna,B016SIJX28,S
87471,rf radio antenna,B072KZTJRG,C
87471,rf radio antenna,B00ZO6PMYO,C
87471,rf radio antenna,B00D66RDYQ,C
87471,rf radio antenna,B00COKNKS8,C
87471,rf radio antenna,B00007KDX6,I
87511,rhinestone buckle bracelets,B08GLPVMRK,E
87511,rhinestone buckle bracelets,B07XK2RK4G,S
87511,rhinestone buckle bracelets,B07XCTQN79,S
87511,rhinestone buckle bracelets,B07X26TL74,E
87511,rhinestone buckle bracelets,B07VVKHS3V,S
87511,rhinestone buckle bracelets,B07T7V1RWR,S
87511,rhinestone buckle bracelets,B07T458LQM,S
87511,rhinestone buckle bracelets,B07WRWBF7C,S
87511,rhinestone buckle bracelets,B07QSJZST4,S
87511,rhinestone buckle bracelets,B07L9M86J5,S
87511,rhinestone buckle bracelets,B07JYD5GWL,S
87511,rhinestone buckle bracelets,B07G3XJ2MW,S
87511,rhinestone buckle bracelets,B01ID93X1M,E
87511,rhinestone buckle bracelets,B004YFFKP2,E
87511,rhinestone buckle bracelets,B07SSHK88H,S
87511,rhinestone buckle bracelets,B07T69PRHP,S
87649,rifleman season 2,B0711VN2W7,S
87649,rifleman season 2,B07MTPQ1PC,S
87649,rifleman season 2,B078YBHV6Y,S
87649,rifleman season 2,B071P4QY78,E
87649,rifleman season 2,B071JZHDBP,S
87649,rifleman season 2,B071G1YT4L,S
87649,rifleman season 2,B0714JL327,S
87649,rifleman season 2,B01N5TJM3S,S
87649,rifleman season 2,B01ATRG0KW,S
87649,rifleman season 2,B01F4NMWMG,S
87649,rifleman season 2,B00UJH1ZV2,E
87649,rifleman season 2,B00UJH1UNA,E
87649,rifleman season 2,B00QMX8RJA,E
87649,rifleman season 2,B00OHNEL60,S
87649,rifleman season 2,B009DO2MIC,E
87649,rifleman season 2,B01MTEKSXK,S
88383,romwish 4' led bulbs,B085WSWR79,E
88383,romwish 4' led bulbs,B085QHGMK5,S
88383,romwish 4' led bulbs,B083FB3GRH,E
88383,romwish 4' led bulbs,B07PDHDMJ1,E
88383,romwish 4' led bulbs,B07N4QGL1W,S
88383,romwish 4' led bulbs,B07CNNHSHM,E
88383,romwish 4' led bulbs,B07CNK1HB3,E
88383,romwish 4' led bulbs,B08CH492PS,E
88383,romwish 4' led bulbs,B01N099I9F,S
88383,romwish 4' led bulbs,B014EYMNB6,S
88383,romwish 4' led bulbs,B01C4N46MS,S
88383,romwish 4' led bulbs,B01C4N4876,S
88383,romwish 4' led bulbs,B07CN9726Q,S
88383,romwish 4' led bulbs,B01H2HOW7A,S
88383,romwish 4' led bulbs,B01L7UOE94,S
88383,romwish 4' led bulbs,B01DM7FVC4,S
88743,round hard candies,B08658V14Z,E
88743,round hard candies,B0861RHPVB,E
88743,round hard candies,B07W7FMQ9R,E
88743,round hard candies,B01HH7IW4E,E
88743,round hard candies,B01HH7IUCI,E
88743,round hard candies,B017ZKWK2S,E
88743,round hard candies,B00RJD3GIE,S
88743,round hard candies,B0861HTLMW,E
88743,round hard candies,B00C584C22,E
88743,round hard candies,B00C584AP6,E
88743,round hard candies,B008QP9XW2,S
88743,round hard candies,B006J1F7MU,E
88743,round hard candies,B0064KNTF8,E
88743,round hard candies,B003X3COKK,E
88743,round hard candies,B00061BW14,E
88743,round hard candies,B00OA43V0S,E
89178,running shoes for girls size 3.5,B07QM8S5ZH,E
89178,running shoes for girls size 3.5,B07NM5TF7H,I
89178,running shoes for girls size 3.5,B07KT1ZVVH,E
89178,running shoes for girls size 3.5,B07HLYCZ9W,E
89178,running shoes for girls size 3.5,B07HG4GCGJ,E
89178,running shoes for girls size 3.5,B07HFZQLXH,S
89178,running shoes for girls size 3.5,B07H3WDF48,S
89178,running shoes for girls size 3.5,B07HJYHDP5,S
89178,running shoes for girls size 3.5,B07G7T1VKR,E
89178,running shoes for girls size 3.5,B07G2C21BV,S
89178,running shoes for girls size 3.5,B07FLSKK6L,E
89178,running shoes for girls size 3.5,B07DVS8C5Z,S
89178,running shoes for girls size 3.5,B07D9NMNP4,S
89178,running shoes for girls size 3.5,B07D9LHVFL,S
89178,running shoes for girls size 3.5,B077YDWRCM,S
89178,running shoes for girls size 3.5,B07G7VLLWM,S
89205,rush inhibitor tuf glide,B0062Y9BLM,E
89205,rush inhibitor tuf glide,B07C342WXC,I
89205,rush inhibitor tuf glide,B079SJB2K3,I
89205,rush inhibitor tuf glide,B07L38LMPG,S
89205,rush inhibitor tuf glide,B079SGP5G4,I
89205,rush inhibitor tuf glide,B015AHB1P0,I
89205,rush inhibitor tuf glide,B00MAPG782,I
89205,rush inhibitor tuf glide,B004UVP7EE,E
89205,rush inhibitor tuf glide,B000Q85ORK,E
89205,rush inhibitor tuf glide,B004UVP7DA,S
89205,rush inhibitor tuf glide,B004UVP68Q,E
89205,rush inhibitor tuf glide,B004NEDR9A,E
89205,rush inhibitor tuf glide,B001G0Y6J4,S
89205,rush inhibitor tuf glide,B000Q82HSY,E
89205,rush inhibitor tuf glide,B000E892Z2,E
89205,rush inhibitor tuf glide,B004UVP7DU,S
89289,ruzell aftershave,B07RYBGQGS,E
89289,ruzell aftershave,B07ST3S2LR,E
89289,ruzell aftershave,B07TDQS2YV,E
89289,ruzell aftershave,B07WRJRFVJ,E
89289,ruzell aftershave,B0813F2WRN,S
89289,ruzell aftershave,B0813F4YPQ,I
89289,ruzell aftershave,B0813FNBYV,E
89289,ruzell aftershave,B0813FNQS6,S
89289,ruzell aftershave,B084JC26CS,I
89289,ruzell aftershave,B0813G7LYP,I
89289,ruzell aftershave,B084JBW4NK,C
89289,ruzell aftershave,B07RYBFXNX,I
89289,ruzell aftershave,B087YMPZ4D,I
89289,ruzell aftershave,B08FRH8TQD,I
89289,ruzell aftershave,B08N7SX6T4,I
89289,ruzell aftershave,B08N7V9Z66,S
89289,ruzell aftershave,B0813G5TNV,E
89289,ruzell aftershave,B07FMS4XNW,E
89289,ruzell aftershave,B08BP25423,I
89289,ruzell aftershave,B07CYRS95J,C
89289,ruzell aftershave,B0017WNSBS,E
89289,ruzell aftershave,B0046MKF30,S
89289,ruzell aftershave,B0085UECY2,S
89289,ruzell aftershave,B00JFWA1Q2,I
89289,ruzell aftershave,B00JFWA72U,I
89289,ruzell aftershave,B07FK4B2L2,I
89289,ruzell aftershave,B00VS4HLPY,I
89289,ruzell aftershave,B00VS4HQJU,I
89289,ruzell aftershave,B00TOV9O6W,S
89289,ruzell aftershave,B019624D4Q,I
89289,ruzell aftershave,B01C7Y6SQ6,I
89289,ruzell aftershave,B01COFQ5IO,E
89289,ruzell aftershave,B01COFQ78M,I
89289,ruzell aftershave,B01FQ1LI76,E
89289,ruzell aftershave,B01MY4V5V6,I
89289,ruzell aftershave,B01N9O9WD2,I
89289,ruzell aftershave,B07BGX51CP,C
89289,ruzell aftershave,B01452YZOA,I
89368,rx phos bind,B00WHXQIJA,I
89368,rx phos bind,B00BFGK88M,I
89368,rx phos bind,B00HF78TNQ,I
89368,rx phos bind,B00K65T1CW,I
89368,rx phos bind,B00N9IG28O,I
89368,rx phos bind,B00PT4ORD8,E
89368,rx phos bind,B00S8F96FO,I
89368,rx phos bind,B012XDHXM4,E
89368,rx phos bind,B07PQHBGSH,I
89368,rx phos bind,B01NAUIKAL,I
89368,rx phos bind,B079YF1K1B,S
89368,rx phos bind,B07BWRFT5B,I
89368,rx phos bind,B07FZQ8CZV,I
89368,rx phos bind,B07VBP4R7F,I
89368,rx phos bind,B08FXRHMN4,I
89368,rx phos bind,B093PLRN5B,I
89368,rx phos bind,B009KT9TEU,I
89368,rx phos bind,B01C2OQFQ4,I
89368,rx phos bind,B007BSRVQK,I
89368,rx phos bind,B072MQXR7L,I
89368,rx phos bind,B003UMOWWW,I
89368,rx phos bind,B00014FGTK,I
89368,rx phos bind,B0001TMPIK,I
89368,rx phos bind,B00020HTGQ,I
89368,rx phos bind,B00025YRJS,I
89368,rx phos bind,B00028O0BU,I
89368,rx phos bind,B0002IXKS4,I
89368,rx phos bind,B0058BM5AE,I
89368,rx phos bind,B0006NYHU0,I
89368,rx phos bind,B000FPC6OI,I
89368,rx phos bind,B0006NXGM0,I
89368,rx phos bind,B000M0J1BC,E
89368,rx phos bind,B000I4DD3Y,I
89368,rx phos bind,B002NPY718,I
89368,rx phos bind,B001V9N3Q2,I
89368,rx phos bind,B001EWEOXM,I
89368,rx phos bind,B003TXBE4Q,I
89368,rx phos bind,B00126349K,I
89368,rx phos bind,B000NSGNOG,I
89368,rx phos bind,B001EH6AV6,E
89519,sa sun hat,B07L37ZY2Z,E
89519,sa sun hat,B07PWWN8PM,E
89519,sa sun hat,B07RS57SK9,E
89519,sa sun hat,B07S5ZP7C4,S
89519,sa sun hat,B07S5ZR49S,E
89519,sa sun hat,B07V6SKXMW,E
89519,sa sun hat,B07WN36VZN,E
89519,sa sun hat,B07ZJR4X4R,E
89519,sa sun hat,B08R6X86T3,E
89519,sa sun hat,B08VW8N6WH,E
89519,sa sun hat,B0924T93S7,E
89519,sa sun hat,B094ZPWMJN,E
89519,sa sun hat,B096YJ2XLC,E
89519,sa sun hat,B0973DMQX3,E
89519,sa sun hat,B097CQ1PTH,E
89519,sa sun hat,B07DB2XYZ2,E
89519,sa sun hat,B098XVC7JL,E
89519,sa sun hat,B085HDWPW8,E
89519,sa sun hat,B0923DCP6H,E
89519,sa sun hat,B07CWT35M8,S
89519,sa sun hat,B07B96DFDD,S
89519,sa sun hat,B07CSXPFMJ,E
89519,sa sun hat,B000PHANNM,S
89519,sa sun hat,B001HLG8M0,E
89519,sa sun hat,B008FIFFY0,S
89519,sa sun hat,B00DQYTQVG,S
89519,sa sun hat,B00FHXH1QQ,E
89519,sa sun hat,B00ZBUTKJQ,E
89519,sa sun hat,B01CAGGL3G,E
89519,sa sun hat,B01D2IV2TY,E
89519,sa sun hat,B00MO3Y5XO,E
89519,sa sun hat,B01M6846SO,E
89519,sa sun hat,B06WRT5M5H,S
89519,sa sun hat,B071H5KQLH,E
89519,sa sun hat,B0722W4N58,I
89519,sa sun hat,B073QLKWP6,E
89519,sa sun hat,B079NC3YK4,I
89519,sa sun hat,B079X4CLVV,E
89519,sa sun hat,B079X69QV3,E
89519,sa sun hat,B01J1GQ1HY,E
89843,salt spreader for snow,B07FK4VMSK,E
89843,salt spreader for snow,B07BHGWHXN,E
89843,salt spreader for snow,B079Y9NQ9Z,E
89843,salt spreader for snow,B071ZBBJNQ,E
89843,salt spreader for snow,B0767SR6M5,E
89843,salt spreader for snow,B07KMWVBJS,E
89843,salt spreader for snow,B06XHH32N9,E
89843,salt spreader for snow,B07771MMQZ,S
89843,salt spreader for snow,B07V613HRW,E
89843,salt spreader for snow,B07ZQSV81S,I
89843,salt spreader for snow,B07XZMYCK9,E
89843,salt spreader for snow,B07Y423XM7,E
89843,salt spreader for snow,B081XHFKR8,E
89843,salt spreader for snow,B082XX9T94,E
89843,salt spreader for snow,B08358XJFX,E
89843,salt spreader for snow,B08R7XCHGF,I
89843,salt spreader for snow,B08TM26BY4,I
89843,salt spreader for snow,B01N4MRU80,E
89843,salt spreader for snow,B07VKXLX7V,E
89843,salt spreader for snow,B01N3BB9PA,S
89843,salt spreader for snow,B00002N66D,E
89843,salt spreader for snow,B01FZ54K1Y,E
89843,salt spreader for snow,B01L0QZM82,S
89843,salt spreader for snow,B0000AWYNN,E
89843,salt spreader for snow,B000MRTBTM,E
89843,salt spreader for snow,B000XRZOW4,E
89843,salt spreader for snow,B001D1CIZK,E
89843,salt spreader for snow,B001U40NFC,E
89843,salt spreader for snow,B002U0KDH8,E
89843,salt spreader for snow,B002YPS1KK,E
89843,salt spreader for snow,B000VZC9XA,E
89843,salt spreader for snow,B005OKB6ZO,E
89843,salt spreader for snow,B008R57VDE,E
89843,salt spreader for snow,B00H2FLLWW,E
89843,salt spreader for snow,B00K30LZMY,E
89843,salt spreader for snow,B00NR76PGG,E
89843,salt spreader for snow,B00NR76PIE,E
89843,salt spreader for snow,B00RGNW8P4,E
89843,salt spreader for snow,B0046AQ50Y,I
89843,salt spreader for snow,B011HY5Q1K,I
89857,saltwater fishing rods,B08CSFYRH5,E
89857,saltwater fishing rods,B08CGSK4PD,E
89857,saltwater fishing rods,B08C5LJMZR,E
89857,saltwater fishing rods,B08BZGCLCQ,E
89857,saltwater fishing rods,B08BZ8K5VL,E
89857,saltwater fishing rods,B08BS28P5L,E
89857,saltwater fishing rods,B08B84X8JP,E
89857,saltwater fishing rods,B08CSH29ZV,E
89857,saltwater fishing rods,B07XG6KCNR,C
89857,saltwater fishing rods,B07XC6J26D,C
89857,saltwater fishing rods,B07XC6HFJN,C
89857,saltwater fishing rods,B07XB6LVQ5,C
89857,saltwater fishing rods,B07X934M9L,C
89857,saltwater fishing rods,B07VN22H89,C
89857,saltwater fishing rods,B001R694CG,E
89857,saltwater fishing rods,B088PHQV9H,E
90031,samsung galaxy 8,B07VDB92S3,S
90031,samsung galaxy 8,B083KVM9VW,I
90031,samsung galaxy 8,B0829D5423,S
90031,samsung galaxy 8,B07ZDJCL76,S
90031,samsung galaxy 8,B07XYDQ133,S
90031,samsung galaxy 8,B07VXC97KS,S
90031,samsung galaxy 8,B0887GP791,I
90031,samsung galaxy 8,B07VDB92RK,S
90031,samsung galaxy 8,B07DY25LDW,E
90031,samsung galaxy 8,B07DQG3HKZ,S
90031,samsung galaxy 8,B07C65XFBB,S
90031,samsung galaxy 8,B0786PRKBP,S
90031,samsung galaxy 8,B076XLLCQC,E
90031,samsung galaxy 8,B076M9RQJ2,S
90031,samsung galaxy 8,B074PYB8PR,S
90031,samsung galaxy 8,B07K4F5759,E
90034,samsung galaxy a10,B07VXC97KS,E
90034,samsung galaxy a10,B0851X3V62,S
90034,samsung galaxy a10,B084KS5WYC,E
90034,samsung galaxy a10,B07ZG5RFK6,S
90034,samsung galaxy a10,B07YX7PXF5,S
90034,samsung galaxy a10,B07YGLJ3VQ,S
90034,samsung galaxy a10,B07XQJ33PL,S
90034,samsung galaxy a10,B07VBH22DG,E
90034,samsung galaxy a10,B07KWX9GNV,E
90034,samsung galaxy a10,B07SCPB574,E
90034,samsung galaxy a10,B07SC4HHH1,E
90034,samsung galaxy a10,B07S9G74M4,S
90034,samsung galaxy a10,B07QXTVKHR,E
90034,samsung galaxy a10,B07Q84DPZH,E
90034,samsung galaxy a10,B07Q5VM8ZD,S
90034,samsung galaxy a10,B07SQFPZZM,E
90394,sand box play,B07WK2392C,E
90394,sand box play,B07VVB722H,E
90394,sand box play,B07SLDSCNT,C
90394,sand box play,B07PV5BQTK,C
90394,sand box play,B07P815HCP,E
90394,sand box play,B07MDVMFDB,I
90394,sand box play,B07MDLC8S1,C
90394,sand box play,B07KX67NKP,C
90394,sand box play,B07JMF78F2,C
90394,sand box play,B07F4NHZQ2,C
90394,sand box play,B0762KDCY9,I
90394,sand box play,B075XL5B6Y,E
90394,sand box play,B003U6QLVS,C
90394,sand box play,B00005C6E3,C
90394,sand box play,B00004WCI0,E
90394,sand box play,B07GX2LLFP,C
90619,sasuke costume adult,B099JB5VXZ,E
90619,sasuke costume adult,B097ZTMF6Y,S
90619,sasuke costume adult,B0946XY2Q2,E
90619,sasuke costume adult,B08VJ75L1T,E
90619,sasuke costume adult,B08ZDF623Y,I
90619,sasuke costume adult,B099JFCPT7,S
90619,sasuke costume adult,B08L65N13T,S
90619,sasuke costume adult,B091FC15HM,I
90619,sasuke costume adult,B099NP62MC,E
90619,sasuke costume adult,B09CGV2FQK,I
90619,sasuke costume adult,B09BB95M8J,E
90619,sasuke costume adult,B09BCBR33G,S
90619,sasuke costume adult,B09DNV2MHG,E
90619,sasuke costume adult,B09DYVLXQP,E
90619,sasuke costume adult,B09FL47YN5,S
90619,sasuke costume adult,B09GLQL9CK,E
90619,sasuke costume adult,B09H6YV4QN,S
90619,sasuke costume adult,B08KZRM4DL,I
90619,sasuke costume adult,B099PR35G9,S
90619,sasuke costume adult,B0868GK8RS,E
90619,sasuke costume adult,B085L35QW3,E
90619,sasuke costume adult,B07X9FVHWZ,I
90619,sasuke costume adult,B003BXF1ES,C
90619,sasuke costume adult,B0058D6NKU,I
90619,sasuke costume adult,B00TO6E0T8,S
90619,sasuke costume adult,B00UKHYHJI,I
90619,sasuke costume adult,B01HWNN32E,S
90619,sasuke costume adult,B01JOXDSEI,C
90619,sasuke costume adult,B01LXTJXI6,I
90619,sasuke costume adult,B07239MYV5,E
90619,sasuke costume adult,B01HZLYQDI,E
90619,sasuke costume adult,B07F9V7ZTV,E
90619,sasuke costume adult,B078YMJ7HM,S
90619,sasuke costume adult,B07X83B67R,S
90619,sasuke costume adult,B07W1WL5W9,I
90619,sasuke costume adult,B07NDZNHXK,I
90619,sasuke costume adult,B07X874214,E
90619,sasuke costume adult,B07HZ3KC9M,I
90619,sasuke costume adult,B07GSCP7L8,I
90619,sasuke costume adult,B07L9Q2G22,S
91048,scoott trikes,B07PGFGCK8,E
91048,scoott trikes,B07FP7HMRX,C
91048,scoott trikes,B07D4D84KJ,E
91048,scoott trikes,B07D4D13J4,E
91048,scoott trikes,B073SVVSKG,E
91048,scoott trikes,B0716ZKHK3,E
91048,scoott trikes,B01NA9JKSL,E
91048,scoott trikes,B07QLPTBCQ,E
91048,scoott trikes,B0145GN9YI,E
91048,scoott trikes,B00TLFTEUC,E
91048,scoott trikes,B00BPKPCGG,E
91048,scoott trikes,B00BCX842K,E
91048,scoott trikes,B009M3PC72,E
91048,scoott trikes,B006LMZJY8,E
91048,scoott trikes,B001J0FWWQ,E
91048,scoott trikes,B01LXZKF8H,E
91153,screen protector for xp-pen artist12,B081F8YQQK,E
91153,screen protector for xp-pen artist12,B081DYNPJS,E
91153,screen protector for xp-pen artist12,B07ZMB33TK,E
91153,screen protector for xp-pen artist12,B07WT55T7L,S
91153,screen protector for xp-pen artist12,B07VZF7ZC9,S
91153,screen protector for xp-pen artist12,B07VPHR6GD,E
91153,screen protector for xp-pen artist12,B07M5X7MH1,S
91153,screen protector for xp-pen artist12,B0829DRLYZ,E
91153,screen protector for xp-pen artist12,B07J51LD25,S
91153,screen protector for xp-pen artist12,B07GNK18VJ,E
91153,screen protector for xp-pen artist12,B077P6BQP7,S
91153,screen protector for xp-pen artist12,B071GY6994,E
91153,screen protector for xp-pen artist12,B01MQU5LW7,S
91153,screen protector for xp-pen artist12,B01FYO0KJC,I
91153,screen protector for xp-pen artist12,B018VASU3O,I
91153,screen protector for xp-pen artist12,B07L77GTTY,S
91749,sensus water meters,B07RCC29QV,E
91749,sensus water meters,B07R81SMXJ,E
91749,sensus water meters,B0754VVW4W,E
91749,sensus water meters,B0744TC3PW,E
91749,sensus water meters,B073713G5F,E
91749,sensus water meters,B06Y2FFQB9,I
91749,sensus water meters,B01H273O4M,E
91749,sensus water meters,B075H52SR6,E
91749,sensus water meters,B00GM5DCCA,S
91749,sensus water meters,B0064E8BL6,I
91749,sensus water meters,B005A3WNWK,S
91749,sensus water meters,B004OMAWIA,E
91749,sensus water meters,B003Z96GR4,E
91749,sensus water meters,B002UUTAI6,E
91749,sensus water meters,B000ANW7HQ,I
91749,sensus water meters,B00OGN3162,E
91835,serpentine belt alignment tool,B01CGXICKI,S
91835,serpentine belt alignment tool,B07XD2K848,S
91835,serpentine belt alignment tool,B07WKGP5V4,S
91835,serpentine belt alignment tool,B07SNLBMMY,S
91835,serpentine belt alignment tool,B01N6LL20U,S
91835,serpentine belt alignment tool,B01MU9ZAPY,S
91835,serpentine belt alignment tool,B01HLWKFY0,S
91835,serpentine belt alignment tool,B010GK6D9K,S
91835,serpentine belt alignment tool,B000WYFI1A,E
91835,serpentine belt alignment tool,B00H970PKW,S
91835,serpentine belt alignment tool,B009TM6EFA,S
91835,serpentine belt alignment tool,B009D398CQ,S
91835,serpentine belt alignment tool,B0065V1CNW,S
91835,serpentine belt alignment tool,B004SF0TLI,E
91835,serpentine belt alignment tool,B000MUTAGS,S
91835,serpentine belt alignment tool,B00V6KDKK0,S
92198,shaker bottle without ball,B08L9QB588,E
92198,shaker bottle without ball,B082BJ856L,E
92198,shaker bottle without ball,B083V5ZF7S,E
92198,shaker bottle without ball,B084ZHGN98,E
92198,shaker bottle without ball,B0869FTR5N,E
92198,shaker bottle without ball,B08B2T3CLG,S
92198,shaker bottle without ball,B08J84YKYD,S
92198,shaker bottle without ball,B08LHL9VCC,S
92198,shaker bottle without ball,B098R2B7Z1,I
92198,shaker bottle without ball,B08R6N41VX,E
92198,shaker bottle without ball,B08TGMY9W8,E
92198,shaker bottle without ball,B08YYP58NC,I
92198,shaker bottle without ball,B092MP6X69,E
92198,shaker bottle without ball,B098R58Y2T,S
92198,shaker bottle without ball,B0991Q4S5J,S
92198,shaker bottle without ball,B09DC4NQD4,E
92198,shaker bottle without ball,B0829CYZZM,E
92198,shaker bottle without ball,B08QYYX1PW,E
92198,shaker bottle without ball,B0828QRXY5,S
92198,shaker bottle without ball,B098R66SFQ,S
92198,shaker bottle without ball,B07SX65WH5,E
92198,shaker bottle without ball,B00JEH2VDE,S
92198,shaker bottle without ball,B00MVMCUK8,E
92198,shaker bottle without ball,B07TL6PNLD,S
92198,shaker bottle without ball,B073QX2VWJ,E
92198,shaker bottle without ball,B0755G2YV2,E
92198,shaker bottle without ball,B078KCYLZF,E
92198,shaker bottle without ball,B07CYG7FYZ,E
92198,shaker bottle without ball,B07GC9S8JM,S
92198,shaker bottle without ball,B07HCM92SV,E
92198,shaker bottle without ball,B07BN6SZDL,E
92198,shaker bottle without ball,B07JFRT8QR,E
92198,shaker bottle without ball,B07HKRHJ7R,E
92198,shaker bottle without ball,B07NPWQNXB,I
92198,shaker bottle without ball,B07NLGP82S,E
92198,shaker bottle without ball,B07MVDBQS6,S
92198,shaker bottle without ball,B07QP13BJ9,E
92198,shaker bottle without ball,B07L49YL41,I
92198,shaker bottle without ball,B07L17JY5G,E
92198,shaker bottle without ball,B07MC9XWJ4,E
93985,skechers sports+shoes+for+men,B01CIOYTG6,E
93985,skechers sports+shoes+for+men,B084MN7BLF,E
93985,skechers sports+shoes+for+men,B075PF6D7T,S
93985,skechers sports+shoes+for+men,B075PBLJTJ,S
93985,skechers sports+shoes+for+men,B06XYV8XSV,E
93985,skechers sports+shoes+for+men,B01K2XCXX6,E
93985,skechers sports+shoes+for+men,B01HGZHA36,S
93985,skechers sports+shoes+for+men,B00L1UNNIY,S
93985,skechers sports+shoes+for+men,B00FLCQ7EU,E
93985,skechers sports+shoes+for+men,B00FZN1MUE,E
93985,skechers sports+shoes+for+men,B000ARB5AW,E
93985,skechers sports+shoes+for+men,B001D6M3D2,E
93985,skechers sports+shoes+for+men,B0037UZASW,E
93985,skechers sports+shoes+for+men,B00HSX6WRC,S
93985,skechers sports+shoes+for+men,B00E0ETFWG,E
93985,skechers sports+shoes+for+men,B00BFH1BOQ,E
94393,sliding screen door,B0833QPTB1,S
94393,sliding screen door,B0832KH3FY,S
94393,sliding screen door,B081JCKLT5,S
94393,sliding screen door,B07S2LGMY1,E
94393,sliding screen door,B07RZDVTTY,E
94393,sliding screen door,B07P7LZ7RQ,E
94393,sliding screen door,B07JQ91WV7,E
94393,sliding screen door,B07S3LSHYP,E
94393,sliding screen door,B07DHSLYJC,E
94393,sliding screen door,B078TKPGZT,E
94393,sliding screen door,B074TWKVQB,S
94393,sliding screen door,B073YTBXZ5,E
94393,sliding screen door,B01HUZB17I,S
94393,sliding screen door,B01ESSA9VO,E
94393,sliding screen door,B000CSGFAY,C
94393,sliding screen door,B07DNTHPR4,E
94575,small 3 drawer organizer,B07C847NQC,S
94575,small 3 drawer organizer,B0823H3Z95,S
94575,small 3 drawer organizer,B08158KTRQ,E
94575,small 3 drawer organizer,B07WFK88JT,S
94575,small 3 drawer organizer,B07LGD51F4,E
94575,small 3 drawer organizer,B082ZRRV7V,I
94575,small 3 drawer organizer,B07C85GHF5,S
94575,small 3 drawer organizer,B01IA4Q0SS,E
94575,small 3 drawer organizer,B00LZPDVX2,E
94575,small 3 drawer organizer,B01DNUWO66,E
94575,small 3 drawer organizer,B014E30YX6,S
94575,small 3 drawer organizer,B00CQGTIE0,S
94575,small 3 drawer organizer,B004U4NQ08,E
94575,small 3 drawer organizer,B001KN12PI,E
94575,small 3 drawer organizer,B0000TQFSW,E
94575,small 3 drawer organizer,B01GHJSQQW,S
94980,smalti mosaic tiles,B07KFZXF3S,C
94980,smalti mosaic tiles,B07KXSKL1N,E
94980,smalti mosaic tiles,B07WDCRFZS,E
94980,smalti mosaic tiles,B07WS5ZQ5Z,E
94980,smalti mosaic tiles,B07XTH6SHJ,E
94980,smalti mosaic tiles,B07Y327GKK,E
94980,smalti mosaic tiles,B07Y9H88K2,E
94980,smalti mosaic tiles,B07Y9STT5J,E
94980,smalti mosaic tiles,B0967CWCRS,S
94980,smalti mosaic tiles,B07YXQFQ5B,E
94980,smalti mosaic tiles,B07Z8S4XQ8,S
94980,smalti mosaic tiles,B07ZRHBJYB,S
94980,smalti mosaic tiles,B082LW5PY9,E
94980,smalti mosaic tiles,B08BLBDCVY,S
94980,smalti mosaic tiles,B08HWY26Z4,E
94980,smalti mosaic tiles,B092R5MV4H,S
94980,smalti mosaic tiles,B07GT59YS2,E
94980,smalti mosaic tiles,B07YDC4F9S,S
94980,smalti mosaic tiles,B07FD74RLQ,S
94980,smalti mosaic tiles,B092R327NM,S
94980,smalti mosaic tiles,B07CYTTKLT,E
94980,smalti mosaic tiles,B002V28D7C,S
94980,smalti mosaic tiles,B0044SB3PU,E
94980,smalti mosaic tiles,B07F1DTKY1,E
94980,smalti mosaic tiles,B0044SCVY2,E
94980,smalti mosaic tiles,B004O3G44K,E
94980,smalti mosaic tiles,B018EXSY6Q,E
94980,smalti mosaic tiles,B01DOKF7AA,E
94980,smalti mosaic tiles,B01MY3VCBT,S
94980,smalti mosaic tiles,B06XH3V8T2,E
94980,smalti mosaic tiles,B018F8320I,S
94980,smalti mosaic tiles,B071Z6531N,E
94980,smalti mosaic tiles,B071DH6DYK,E
94980,smalti mosaic tiles,B077HKDY3Z,S
94980,smalti mosaic tiles,B075ZVK8MG,E
94980,smalti mosaic tiles,B075JG1P1G,E
94980,smalti mosaic tiles,B079L6LNHY,E
94980,smalti mosaic tiles,B073GBKZK4,S
94980,smalti mosaic tiles,B072JPXBFL,E
94980,smalti mosaic tiles,B073WPXZMN,E
95037,smart robot companion for cat,B083LLXHVS,E
95037,smart robot companion for cat,B07VDGWGP7,I
95037,smart robot companion for cat,B07SBXDMZQ,S
95037,smart robot companion for cat,B07RBBRQW3,I
95037,smart robot companion for cat,B07R1SZP62,I
95037,smart robot companion for cat,B07QNM7YDM,I
95037,smart robot companion for cat,B07GNPDMRP,I
95037,smart robot companion for cat,B07GCGVNLM,I
95037,smart robot companion for cat,B07DLXF7XL,S
95037,smart robot companion for cat,B0776R7F84,S
95037,smart robot companion for cat,B00SKURVKY,S
95037,smart robot companion for cat,B00CKFL93K,I
95037,smart robot companion for cat,B008SM4GUW,I
95037,smart robot companion for cat,B0009X29WK,I
95037,smart robot companion for cat,B0002AQ0BQ,I
95037,smart robot companion for cat,B07DL4QY5V,I
95043,smart strip paint remover,B08Y62Y2KN,S
95043,smart strip paint remover,B08PHVJNDJ,S
95043,smart strip paint remover,B08KJ26SCG,E
95043,smart strip paint remover,B0829FHLS6,S
95043,smart strip paint remover,B07WX2L4HV,S
95043,smart strip paint remover,B07LF8T6PM,S
95043,smart strip paint remover,B07JZG71GH,S
95043,smart strip paint remover,B07GDQ5DQQ,S
95043,smart strip paint remover,B078S5QMFG,I
95043,smart strip paint remover,B00CEKLCUQ,E
95043,smart strip paint remover,B009VRAIR8,E
95043,smart strip paint remover,B0071MX9BM,S
95043,smart strip paint remover,B0071MTMAY,S
95043,smart strip paint remover,B002V4TBBC,I
95043,smart strip paint remover,B001F0KO2S,E
95043,smart strip paint remover,B00DP6TZ66,E
95498,snugride 35 newborn insert,B07P8PL6TM,C
95498,snugride 35 newborn insert,B07QNFLCV1,S
95498,snugride 35 newborn insert,B07R92NBRL,S
95498,snugride 35 newborn insert,B07RTWWBWV,C
95498,snugride 35 newborn insert,B07SRK3WRM,C
95498,snugride 35 newborn insert,B07TWNKDWK,S
95498,snugride 35 newborn insert,B07VWVF3KD,E
95498,snugride 35 newborn insert,B07WJM5J2W,C
95498,snugride 35 newborn insert,B07XRH2BQJ,S
95498,snugride 35 newborn insert,B088MJWHRH,C
95498,snugride 35 newborn insert,B08162K3Y5,C
95498,snugride 35 newborn insert,B08K2X1DPC,E
95498,snugride 35 newborn insert,B092S884JV,S
95498,snugride 35 newborn insert,B08K36CR7H,E
95498,snugride 35 newborn insert,B08L9K2MHS,S
95498,snugride 35 newborn insert,B08TX3VST5,S
95498,snugride 35 newborn insert,B091MM6C6T,S
95498,snugride 35 newborn insert,B07N3CJF41,S
95498,snugride 35 newborn insert,B07Y5S4VWT,E
95498,snugride 35 newborn insert,B07K5BF996,S
95498,snugride 35 newborn insert,B013TPBFMO,C
95498,snugride 35 newborn insert,B07HML1BT5,E
95498,snugride 35 newborn insert,B000OR5JK0,E
95498,snugride 35 newborn insert,B006ZVV0R0,C
95498,snugride 35 newborn insert,B00MS9VTG0,E
95498,snugride 35 newborn insert,B00TES30F6,S
95498,snugride 35 newborn insert,B01MQHKVX3,E
95498,snugride 35 newborn insert,B01MTM3I9M,E
95498,snugride 35 newborn insert,B01N2RGY2B,E
95498,snugride 35 newborn insert,B01NBAA09A,E
95498,snugride 35 newborn insert,B07K4CG4DF,S
95498,snugride 35 newborn insert,B073VRJMWK,E
95498,snugride 35 newborn insert,B07D7DX9MR,E
95498,snugride 35 newborn insert,B07CVCHKTT,E
95498,snugride 35 newborn insert,B07B7L1RQ5,E
95498,snugride 35 newborn insert,B06VY1DFQN,S
95498,snugride 35 newborn insert,B074ZJHG7V,S
95498,snugride 35 newborn insert,B074WJ4T8C,E
95498,snugride 35 newborn insert,B0747XC8X9,E
95498,snugride 35 newborn insert,B079662H4H,S
95891,solar water fountains outdoor with lights,B08737M5MM,E
95891,solar water fountains outdoor with lights,B0851XCYMH,E
95891,solar water fountains outdoor with lights,B083P1XBCS,E
95891,solar water fountains outdoor with lights,B083LHP2GT,E
95891,solar water fountains outdoor with lights,B083JXQHRH,E
95891,solar water fountains outdoor with lights,B08113HR6H,S
95891,solar water fountains outdoor with lights,B06X9B4WDV,S
95891,solar water fountains outdoor with lights,B00W6T099U,S
95891,solar water fountains outdoor with lights,B00N43Y9Q6,S
95891,solar water fountains outdoor with lights,B00FR6RTKG,S
95891,solar water fountains outdoor with lights,B0067PI5M2,S
95891,solar water fountains outdoor with lights,B004DFUI32,S
95891,solar water fountains outdoor with lights,B003E2LUHI,S
95891,solar water fountains outdoor with lights,B002DPK564,S
95891,solar water fountains outdoor with lights,B002CMLGYS,S
95891,solar water fountains outdoor with lights,B00FR6SUH2,S
96290,sound absorbing curtains,B07PPCYPTX,E
96290,sound absorbing curtains,B07NYBW719,S
96290,sound absorbing curtains,B07KY62MFL,S
96290,sound absorbing curtains,B07KNSDRVF,S
96290,sound absorbing curtains,B07J3414GF,S
96290,sound absorbing curtains,B07FK5JYRN,I
96290,sound absorbing curtains,B07CSJSCWD,S
96290,sound absorbing curtains,B077RPXSF3,S
96290,sound absorbing curtains,B072LD3M3X,I
96290,sound absorbing curtains,B01LXUBV7T,S
96290,sound absorbing curtains,B0153TOMRY,S
96290,sound absorbing curtains,B015SJ7RYY,S
96290,sound absorbing curtains,B076HL46FV,S
96290,sound absorbing curtains,B01HROI1ZC,S
96290,sound absorbing curtains,B01LW1BF82,S
96290,sound absorbing curtains,B01CS31NDE,S
96375,southwestern small dog collar,B07Y9XGBL1,S
96375,southwestern small dog collar,B07XKC3R33,S
96375,southwestern small dog collar,B07NDXFK14,S
96375,southwestern small dog collar,B07KCRGDHQ,S
96375,southwestern small dog collar,B07J6S8PMC,S
96375,southwestern small dog collar,B07B7QKCR7,E
96375,southwestern small dog collar,B079TVS4JF,S
96375,southwestern small dog collar,B07KFXKG7Y,S
96375,southwestern small dog collar,B073W8FJQW,S
96375,southwestern small dog collar,B06WD3S7H6,S
96375,southwestern small dog collar,B01C8IA2HW,S
96375,southwestern small dog collar,B0190URB1Q,E
96375,southwestern small dog collar,B07916YVQM,S
96375,southwestern small dog collar,B00X3GIYDI,S
96375,southwestern small dog collar,B00IHRZBBQ,S
96375,southwestern small dog collar,B00HRQAN7A,S
96442,space marine detachment,B07WK99BNN,S
96442,space marine detachment,B07V6ZW5G1,I
96442,space marine detachment,B07TW8YB4H,S
96442,space marine detachment,B07TW7P6JZ,E
96442,space marine detachment,B07TW7JJWG,E
96442,space marine detachment,B07TT7XVVF,S
96442,space marine detachment,B077Y4PTR4,E
96442,space marine detachment,B07Z8H9824,S
96442,space marine detachment,B01D8KWT98,S
96442,space marine detachment,B00D6H1QLG,S
96442,space marine detachment,B00AU56C5W,I
96442,space marine detachment,B00APVXSM6,E
96442,space marine detachment,B000CQUFXE,S
96442,space marine detachment,B000CESDUS,S
96442,space marine detachment,B000CEM3E0,S
96442,space marine detachment,B01E8MMNBY,E
97192,square enix superman,B079RV3JPM,S
97192,square enix superman,B072N695D1,S
97192,square enix superman,B01JGVEB7Q,S
97192,square enix superman,B01D20AXHY,E
97192,square enix superman,B01CO4AZO0,S
97192,square enix superman,B01CG6EMJA,S
97192,square enix superman,B01ASAPIZ8,S
97192,square enix superman,B00X4SAFQ4,S
97192,square enix superman,B00KH9M980,E
97192,square enix superman,B00IOV43VO,S
97192,square enix superman,B00HK71Y10,S
97192,square enix superman,B00FZ5BFIQ,E
97192,square enix superman,B00F9PCL2G,E
97192,square enix superman,B00CGRN5AC,E
97192,square enix superman,B009HHXE46,S
97192,square enix superman,B008PURHW6,S
97201,square metal tables for restaurants blue,B07RYTPZ7Q,C
97201,square metal tables for restaurants blue,B01N01XKOC,S
97201,square metal tables for restaurants blue,B07PMCVKBH,C
97201,square metal tables for restaurants blue,B07GNTCJVT,C
97201,square metal tables for restaurants blue,B06ZYTYMHZ,C
97201,square metal tables for restaurants blue,B06XKV8QN3,C
97201,square metal tables for restaurants blue,B06XKSGR2L,C
97201,square metal tables for restaurants blue,B01NBXOVBR,C
97201,square metal tables for restaurants blue,B01M7VIMBT,S
97201,square metal tables for restaurants blue,B01HV4JF6M,E
97201,square metal tables for restaurants blue,B01HV4J7W4,E
97201,square metal tables for restaurants blue,B01AH9YVGW,S
97201,square metal tables for restaurants blue,B017758PY8,S
97201,square metal tables for restaurants blue,B016BUQYI4,E
97201,square metal tables for restaurants blue,B016BUNNT2,E
97201,square metal tables for restaurants blue,B01LJDTSC2,C
97867,steatite stone,B07WW97M5R,I
97867,steatite stone,B07X7JQWGD,S
97867,steatite stone,B07X7JNZDP,E
97867,steatite stone,B07X7J7PCB,E
97867,steatite stone,B07X2L7BQ3,I
97867,steatite stone,B07WZ56JGC,I
97867,steatite stone,B07WZ466F2,I
97867,steatite stone,B07WXTJX5D,I
97867,steatite stone,B074V1SV5N,I
97867,steatite stone,B07WW896P1,I
97867,steatite stone,B07Q39ZTMK,S
97867,steatite stone,B06WD3Z923,E
97867,steatite stone,B004JGOASY,I
97867,steatite stone,B002GW7VSY,E
97867,steatite stone,1852302143,E
97867,steatite stone,B07WX7TFTB,I
97930,steiner p4xi 1-4x24,B077MD1D7Z,S
97930,steiner p4xi 1-4x24,B079WC8MNJ,I
97930,steiner p4xi 1-4x24,B079X566RF,S
97930,steiner p4xi 1-4x24,B07BFHS4VM,S
97930,steiner p4xi 1-4x24,B07VHPRZW9,S
97930,steiner p4xi 1-4x24,B08C733V77,C
97930,steiner p4xi 1-4x24,B086TVHPNZ,S
97930,steiner p4xi 1-4x24,B08BMTG1T8,S
97930,steiner p4xi 1-4x24,B08FXRGD52,S
97930,steiner p4xi 1-4x24,B094VPNGX5,E
97930,steiner p4xi 1-4x24,B076F99STR,S
97930,steiner p4xi 1-4x24,B07YN78C47,E
97930,steiner p4xi 1-4x24,B06XPBD6NY,C
97930,steiner p4xi 1-4x24,B00U6AME58,I
97930,steiner p4xi 1-4x24,B01N0ZAULT,S
97930,steiner p4xi 1-4x24,B01N8UY08L,S
97930,steiner p4xi 1-4x24,B002E6USZK,C
97930,steiner p4xi 1-4x24,B007FX5YO2,S
97930,steiner p4xi 1-4x24,B00LAF6DV4,S
97930,steiner p4xi 1-4x24,B00NWJPBUA,S
97930,steiner p4xi 1-4x24,B00L2FOPNU,S
97930,steiner p4xi 1-4x24,B00WIY9M6O,I
97930,steiner p4xi 1-4x24,B01BE83EW2,E
97930,steiner p4xi 1-4x24,B01DL9KASI,C
97930,steiner p4xi 1-4x24,B01MAWCYIF,S
97930,steiner p4xi 1-4x24,B01MDLW8A3,E
97930,steiner p4xi 1-4x24,B00U6AMEVC,C
98013,sterilite dish rack,B083PXVM5Y,S
98013,sterilite dish rack,B07KRNQKNG,S
98013,sterilite dish rack,B075TK4MFQ,S
98013,sterilite dish rack,B071H8X61F,S
98013,sterilite dish rack,B010F6H9CU,S
98013,sterilite dish rack,B00CUL7LSG,E
98013,sterilite dish rack,B00CMBCUO4,E
98013,sterilite dish rack,B07DV2WHQ5,S
98013,sterilite dish rack,B004IO9IA2,S
98013,sterilite dish rack,B004GXB6KU,E
98013,sterilite dish rack,B0045U82EM,E
98013,sterilite dish rack,B0045U2MUM,E
98013,sterilite dish rack,B0039V2G5E,S
98013,sterilite dish rack,B002QE1D6I,E
98013,sterilite dish rack,B000IZ794C,S
98013,sterilite dish rack,B004IRCDGU,E
98103,stick on window curtain,B077P16BSM,E
98103,stick on window curtain,B07QN2YPS9,S
98103,stick on window curtain,B07P61KCZG,S
98103,stick on window curtain,B07L9Y29SD,S
98103,stick on window curtain,B07L52JHGH,S
98103,stick on window curtain,B07HF2G7F5,S
98103,stick on window curtain,B07D4BWSJM,S
98103,stick on window curtain,B0771FC5C9,S
98103,stick on window curtain,B000SDROMG,S
98103,stick on window curtain,B073Q81HV7,C
98103,stick on window curtain,B019JLMLF2,S
98103,stick on window curtain,B0126EUD1I,S
98103,stick on window curtain,B00RDVD56U,S
98103,stick on window curtain,B0041HYB8K,S
98103,stick on window curtain,B000SDX54M,S
98103,stick on window curtain,B074332BWR,S
98245,stomvi mute,B07R32S259,S
98245,stomvi mute,B07QWZBKRQ,I
98245,stomvi mute,B08KSCDS5B,I
98245,stomvi mute,B07PDWFZZQ,S
98245,stomvi mute,B072JW8BMH,I
98245,stomvi mute,B07FK5JYRN,I
98245,stomvi mute,B07DSSL6C3,C
98245,stomvi mute,B07P5BYYB6,I
98245,stomvi mute,B07S8S9KCW,I
98245,stomvi mute,B01MTOAHSA,S
98245,stomvi mute,B07X1SWZVH,I
98245,stomvi mute,B07YQFJ2DR,I
98245,stomvi mute,B082L3QQCB,I
98245,stomvi mute,B0848TGL18,I
98245,stomvi mute,B085S18N3N,I
98245,stomvi mute,B088PB2858,I
98245,stomvi mute,B08F2ZXD6N,S
98245,stomvi mute,B08FB3CK2J,I
98245,stomvi mute,B07TM45FRS,I
98245,stomvi mute,B01LZJKPGC,S
98245,stomvi mute,B00CM2NI4O,I
98245,stomvi mute,B00JUFSPS0,S
98245,stomvi mute,B01B7N8P5A,I
98245,stomvi mute,B0002E1NF0,I
98245,stomvi mute,B0002E5680,C
98245,stomvi mute,B0007P3514,S
98245,stomvi mute,B0007P3528,I
98245,stomvi mute,B000Y01DWK,S
98245,stomvi mute,B0010KTC26,S
98245,stomvi mute,B001BAJO4G,C
98245,stomvi mute,B000XZZ8EK,E
98245,stomvi mute,B0052VJOO0,C
98245,stomvi mute,B004QDUNZO,I
98245,stomvi mute,B00I2XJX46,S
98245,stomvi mute,B00I1BDKPC,I
98245,stomvi mute,B00I13N9NI,S
98245,stomvi mute,B00IC4XC3S,I
98245,stomvi mute,B00CAV1DE4,I
98245,stomvi mute,B0087HEO64,I
98245,stomvi mute,B00F2U1CTQ,I
98349,storing food without refrigeration,B082W2558J,S
98349,storing food without refrigeration,B0839MXFSV,I
98349,storing food without refrigeration,B0895QNKGL,I
98349,storing food without refrigeration,B08FMKPZ4D,E
98349,storing food without refrigeration,B08FZWZFBC,E
98349,storing food without refrigeration,B08G51D5L2,I
98349,storing food without refrigeration,B08G7Y11P9,E
98349,storing food without refrigeration,B08PQS3QBW,E
98349,storing food without refrigeration,B08L9C4DS2,E
98349,storing food without refrigeration,B08LHB6RWK,E
98349,storing food without refrigeration,B081N66F63,E
98349,storing food without refrigeration,B08QDHRC3J,E
98349,storing food without refrigeration,B08SVPWDY5,E
98349,storing food without refrigeration,B09CYX9ZSK,E
98349,storing food without refrigeration,B08HGB2WTT,E
98349,storing food without refrigeration,B07X6VT5DX,E
98349,storing food without refrigeration,B08VHYNC1D,E
98349,storing food without refrigeration,B07QRSDCNY,E
98349,storing food without refrigeration,B07WV4JQ38,I
98349,storing food without refrigeration,B000FBQRHE,I
98349,storing food without refrigeration,B006OBLD4G,S
98349,storing food without refrigeration,B00HP04BEY,S
98349,storing food without refrigeration,B01FKKDEJI,E
98349,storing food without refrigeration,B01KGGXQKI,E
98349,storing food without refrigeration,B01N16HLR1,E
98349,storing food without refrigeration,B01AYEPLBE,E
98349,storing food without refrigeration,B079M8FPTW,E
98349,storing food without refrigeration,B07D84CRS6,E
98349,storing food without refrigeration,B07DGT1FGV,E
98349,storing food without refrigeration,B07DTMR388,E
98349,storing food without refrigeration,B07MYYXW9V,E
98349,storing food without refrigeration,B07PJ21B2X,E
98349,storing food without refrigeration,B078XHRXLR,E
98364,storybook stuffed animals,B00ODOB7I8,E
98364,storybook stuffed animals,B00S0WT0O2,E
98364,storybook stuffed animals,B01CCJ9MX2,E
98364,storybook stuffed animals,B01MQDGQXP,E
98364,storybook stuffed animals,B0742G7BMM,E
98364,storybook stuffed animals,B079T6YQWV,E
98364,storybook stuffed animals,B07D3R2QSV,E
98364,storybook stuffed animals,B07D3RDYF3,E
98364,storybook stuffed animals,B092VC86HQ,E
98364,storybook stuffed animals,B07P5V9FJX,E
98364,storybook stuffed animals,B07JGB9TPW,E
98364,storybook stuffed animals,B0842WVWQ5,E
98364,storybook stuffed animals,B0848GQLZN,E
98364,storybook stuffed animals,B08CJYFVF7,S
98364,storybook stuffed animals,B08GSS945H,S
98364,storybook stuffed animals,B08JY8L1C5,S
98364,storybook stuffed animals,B08WRJVWJV,I
98364,storybook stuffed animals,B00J0VD6Y2,E
98364,storybook stuffed animals,B07HQCLCQ7,I
98364,storybook stuffed animals,B00HV3XI5I,C
98364,storybook stuffed animals,B00009IMCX,E
98364,storybook stuffed animals,B0074JUAXM,S
98364,storybook stuffed animals,1579822177,E
98364,storybook stuffed animals,157982269X,E
98364,storybook stuffed animals,1579823416,E
98364,storybook stuffed animals,1579823939,E
98364,storybook stuffed animals,1579824188,E
98364,storybook stuffed animals,B00HB03INI,E
98364,storybook stuffed animals,1579824358,S
98364,storybook stuffed animals,1579824544,E
98364,storybook stuffed animals,1579824307,E
98364,storybook stuffed animals,B00020V4Q2,E
98364,storybook stuffed animals,B000BNC8XI,I
98364,storybook stuffed animals,B000UEBFXW,E
98364,storybook stuffed animals,B000UEI12K,I
98364,storybook stuffed animals,B001E1IVBE,E
98364,storybook stuffed animals,B001TMSE7O,E
98364,storybook stuffed animals,B002M5JI0E,S
98364,storybook stuffed animals,B004X044I2,E
98364,storybook stuffed animals,157982482X,S
98554,stretch shorts 38 cooltex,B076ZX76QK,S
98554,stretch shorts 38 cooltex,B07VJ74KPL,S
98554,stretch shorts 38 cooltex,B07HJ5P2Y7,S
98554,stretch shorts 38 cooltex,B078HR7S9R,S
98554,stretch shorts 38 cooltex,B077RMNR4P,E
98554,stretch shorts 38 cooltex,B074SHQ18W,S
98554,stretch shorts 38 cooltex,B07PM1M2QW,S
98554,stretch shorts 38 cooltex,B01N80CILW,S
98554,stretch shorts 38 cooltex,B01M7R8OQI,S
98554,stretch shorts 38 cooltex,B01CIT5V9K,S
98554,stretch shorts 38 cooltex,B016Y826EE,S
98554,stretch shorts 38 cooltex,B009CTUC7G,S
98554,stretch shorts 38 cooltex,B06XC3DBP5,S
99632,swanson multivitamin without iron,B07F2QPGJ3,S
99632,swanson multivitamin without iron,B078P3Z2S1,E
99632,swanson multivitamin without iron,B003QB1ZE0,E
99632,swanson multivitamin without iron,B077J12G55,E
99632,swanson multivitamin without iron,B077HZCSX8,E
99632,swanson multivitamin without iron,B06XPTH9H2,S
99632,swanson multivitamin without iron,B014NOKR8S,I
99632,swanson multivitamin without iron,B00BKNSV2A,S
99632,swanson multivitamin without iron,B005R12MQW,S
99632,swanson multivitamin without iron,B004H57BKG,S
99632,swanson multivitamin without iron,B004B9QTIS,E
99632,swanson multivitamin without iron,B07HYXHZVW,E
99632,swanson multivitamin without iron,B078P3RJPF,S
99632,swanson multivitamin without iron,B003D47OQS,S
99632,swanson multivitamin without iron,B002CHH8OK,E
99632,swanson multivitamin without iron,B00068JXJA,E
99632,swanson multivitamin without iron,B00068SA8U,E
99632,swanson multivitamin without iron,B003QB12KC,S
99632,swanson multivitamin without iron,B00068U1QE,S
99632,swanson multivitamin without iron,B00068U4OS,E
99632,swanson multivitamin without iron,B00068U1MI,E
99632,swanson multivitamin without iron,B00068UATM,E
99632,swanson multivitamin without iron,B00068UB4G,E
99632,swanson multivitamin without iron,B00068UBYQ,I
99632,swanson multivitamin without iron,B000I4ACGA,S
99632,swanson multivitamin without iron,B0017O95SQ,S
99632,swanson multivitamin without iron,B00068UALU,E
99865,swing dress,B07MB1FNSN,S
99865,swing dress,B07Q719N4F,E
99865,swing dress,B07QYYNK33,E
99865,swing dress,B07YGJMNGJ,E
99865,swing dress,B07T71MRHV,E
99865,swing dress,B07JP8F4BQ,E
99865,swing dress,B07SCNTH2C,E
99865,swing dress,B07JMVN1VN,E
99865,swing dress,B01MUC8A4A,S
99865,swing dress,B07DJWH9QB,E
99865,swing dress,B07D1GXT7Y,E
99865,swing dress,B07C3H6YQJ,E
99865,swing dress,B06XSBSKMG,E
99865,swing dress,B06XJ28PLP,E
99865,swing dress,B00ZH9ALX0,S
99865,swing dress,B07GYK1DXX,E
99959,swollen face treatment,B088WBLF5Z,S
99959,swollen face treatment,B0841GPJGN,S
99959,swollen face treatment,B07VWFWTQK,S
99959,swollen face treatment,B07VHCNHF6,S
99959,swollen face treatment,B07V1MBDDL,S
99959,swollen face treatment,B07TP7HKLD,S
99959,swollen face treatment,B07R7QNQNV,S
99959,swollen face treatment,B07RDN1DGH,S
99959,swollen face treatment,B07PFG7GNJ,E
99959,swollen face treatment,B07P95SPSY,S
99959,swollen face treatment,B07GRQ29H2,S
99959,swollen face treatment,B07DDCCLX8,S
99959,swollen face treatment,B07C7JRGLH,S
99959,swollen face treatment,B07B6H9NSD,S
99959,swollen face treatment,B01E8IZ4ZA,S
99959,swollen face treatment,B07Q8RPWFX,S
100412,tailgate,B074KH4JJX,E
100412,tailgate,B077CVY9JM,I
100412,tailgate,B07BB1RH8L,E
100412,tailgate,B07BB2LJPF,E
100412,tailgate,B07BB2RMS5,E
100412,tailgate,B07BB38K4Q,E
100412,tailgate,B07BB3DP8K,E
100412,tailgate,B07M7P8MK6,C
100412,tailgate,B07TSQHCYH,I
100412,tailgate,B0747XH26B,E
100412,tailgate,B082HJTP9X,I
100412,tailgate,B083P5T2WX,C
100412,tailgate,B0844VK8NH,E
100412,tailgate,B084QHQWW5,I
100412,tailgate,B07MFZ7F8D,C
100412,tailgate,B081H7YVW7,I
100412,tailgate,B071JQQ9ZR,C
100412,tailgate,B01DCIKFNI,E
100412,tailgate,B000G369T2,E
100412,tailgate,B00132CG4M,E
100412,tailgate,B01JDAZRVY,C
100412,tailgate,B002YDMJ6E,C
100412,tailgate,B003VDX5D2,E
100412,tailgate,B0041P212A,I
100412,tailgate,B001FZJ9SS,E
100412,tailgate,B00GUF74HQ,E
100412,tailgate,B00OL0F2VC,E
100412,tailgate,B00QG46ZLW,I
100412,tailgate,B00TFYOC5G,C
100412,tailgate,B0106G9UYE,S
100412,tailgate,B01AP2BNS0,E
100412,tailgate,B00EZZZ056,C
100841,tattoo books for beginners,1948209004,I
100841,tattoo books for beginners,B0758JMNKN,I
100841,tattoo books for beginners,B074CDJPNK,I
100841,tattoo books for beginners,B00LCS4UUU,E
100841,tattoo books for beginners,8894205681,S
100841,tattoo books for beginners,1981566899,E
100841,tattoo books for beginners,1979420114,S
100841,tattoo books for beginners,1947243500,S
100841,tattoo books for beginners,0692864563,S
100841,tattoo books for beginners,1734185201,S
100841,tattoo books for beginners,1719867879,S
100841,tattoo books for beginners,1539818721,I
100841,tattoo books for beginners,1419625918,E
100841,tattoo books for beginners,0738212415,S
100841,tattoo books for beginners,0615281478,E
100841,tattoo books for beginners,1929133847,S
102234,the new normal jennifer ashton,B005ERIIVM,S
102234,the new normal jennifer ashton,B08846T828,I
102234,the new normal jennifer ashton,B086Y7D5S2,I
102234,the new normal jennifer ashton,B07ZMKXMTG,I
102234,the new normal jennifer ashton,B07Q8XM4NN,S
102234,the new normal jennifer ashton,B07NDJ9G22,I
102234,the new normal jennifer ashton,B07N6925YK,I
102234,the new normal jennifer ashton,3038602205,I
102234,the new normal jennifer ashton,0062986511,I
102234,the new normal jennifer ashton,1641522410,I
102234,the new normal jennifer ashton,1629999105,I
102234,the new normal jennifer ashton,1622039076,S
102234,the new normal jennifer ashton,0999210092,I
102234,the new normal jennifer ashton,0849964717,I
102234,the new normal jennifer ashton,006308323X,E
102234,the new normal jennifer ashton,1736077104,I
102406,the sound and the fury audiobook,B071RR4DPV,S
102406,the sound and the fury audiobook,B086VNPKLY,S
102406,the sound and the fury audiobook,B084MMQKRW,S
102406,the sound and the fury audiobook,B07RV699PY,S
102406,the sound and the fury audiobook,B07MC55N7G,S
102406,the sound and the fury audiobook,B077J58QP6,S
102406,the sound and the fury audiobook,B01KKEJRXQ,S
102406,the sound and the fury audiobook,B075JR2MP6,S
102406,the sound and the fury audiobook,B00WI9WKCM,S
102406,the sound and the fury audiobook,B00F3LAEGG,E
102406,the sound and the fury audiobook,B00WIH4BN0,S
102406,the sound and the fury audiobook,B0010Z7Q9W,S
102406,the sound and the fury audiobook,B000FTRRV6,S
102406,the sound and the fury audiobook,B000EUMM2K,S
102406,the sound and the fury audiobook,B000B5VELI,S
102406,the sound and the fury audiobook,B000A7KJ8Q,E
103087,tiffen 4×4 black promist 1/4,B0017PMGAY,I
103087,tiffen 4×4 black promist 1/4,B0067HTAO2,S
103087,tiffen 4×4 black promist 1/4,B004TPUT76,I
103087,tiffen 4×4 black promist 1/4,B001UHO652,I
103087,tiffen 4×4 black promist 1/4,B001U3ZYKM,I
103087,tiffen 4×4 black promist 1/4,B001U3ZXYY,I
103087,tiffen 4×4 black promist 1/4,B0010CGZS8,I
103087,tiffen 4×4 black promist 1/4,B00XH80YKS,E
103087,tiffen 4×4 black promist 1/4,B0010CBEAM,S
103087,tiffen 4×4 black promist 1/4,B0010C9Q7U,E
103087,tiffen 4×4 black promist 1/4,B0010C3H66,I
103087,tiffen 4×4 black promist 1/4,B000HB2U00,I
103087,tiffen 4×4 black promist 1/4,B000GTRD9Q,I
103087,tiffen 4×4 black promist 1/4,B0000AQJCO,I
103087,tiffen 4×4 black promist 1/4,B00009UTER,I
103087,tiffen 4×4 black promist 1/4,B0010CF28W,I
103747,toddler sandbox with cover,B08B1VWMYV,E
103747,toddler sandbox with cover,B087GD9M33,E
103747,toddler sandbox with cover,B087FZF3ML,S
103747,toddler sandbox with cover,B07NX9X5J6,C
103747,toddler sandbox with cover,B07MDVMFDB,I
103747,toddler sandbox with cover,B073PGK989,C
103747,toddler sandbox with cover,B01N17VPOR,S
103747,toddler sandbox with cover,B07TSWW2F4,I
103747,toddler sandbox with cover,B01CUMOZVK,S
103747,toddler sandbox with cover,B00T66JR12,S
103747,toddler sandbox with cover,B00B4KNZH0,E
103747,toddler sandbox with cover,B006XG3NRC,S
103747,toddler sandbox with cover,B005P0CWZ6,S
103747,toddler sandbox with cover,B0009F4YR6,S
103747,toddler sandbox with cover,B0000A41ZO,S
103747,toddler sandbox with cover,B01EYUMENC,C
104220,topical arnica gel,B01L03N1RO,S
104220,topical arnica gel,B0711R3Q6H,S
104220,topical arnica gel,B07BGD3DCC,S
104220,topical arnica gel,B07PNK4VPG,S
104220,topical arnica gel,B07F96Z4KK,S
104220,topical arnica gel,B01FI4DQ4E,S
104220,topical arnica gel,B07C5KY8M7,S
104220,topical arnica gel,B01CZ65HKY,S
104220,topical arnica gel,B001E0TAOC,S
104220,topical arnica gel,B012A5Z89K,S
104220,topical arnica gel,B00TDFTO2S,S
104220,topical arnica gel,B00J7WI64Y,S
104220,topical arnica gel,B00GAB9WTS,E
104220,topical arnica gel,B0014B2QTM,S
104220,topical arnica gel,B0009ET50I,S
104220,topical arnica gel,B013JKW8Z2,S
104335,toryburch hand bag,B07MVH3VQ9,E
104335,toryburch hand bag,B081QSZN4B,E
104335,toryburch hand bag,B07YVFGKLY,E
104335,toryburch hand bag,B07SK9Q89D,E
104335,toryburch hand bag,B07SK7YV32,E
104335,toryburch hand bag,B07SK7VV1M,E
104335,toryburch hand bag,B07PRYQW2W,E
104335,toryburch hand bag,B07MVFS3SX,E
104335,toryburch hand bag,B009ALJ4NO,I
104335,toryburch hand bag,B07HJBRCTL,E
104335,toryburch hand bag,B078TPNYFH,I
104335,toryburch hand bag,B06XX2X8QZ,E
104335,toryburch hand bag,B00ZS1I7TW,I
104335,toryburch hand bag,B00PWK8YIS,I
104335,toryburch hand bag,B00LC4QT44,I
104335,toryburch hand bag,B07JN7XCHQ,I
104408,touchnew,B0819Y5Q4H,S
104408,touchnew,B07SZPR6ZP,S
104408,touchnew,B07P6FC5CK,S
104408,touchnew,B07KQXJVM8,E
104408,touchnew,B07K66RRSH,E
104408,touchnew,B07C3JRVFP,E
104408,touchnew,B074TC3LSR,S
104408,touchnew,B076CCCP6F,S
104408,touchnew,B073TWPHQN,S
104408,touchnew,B01GFMC4LO,S
104408,touchnew,B01GRF7NRY,S
104408,touchnew,B01H1NV1RE,S
104408,touchnew,B073XHP9N2,S
104408,touchnew,B01N5WGNCM,E
104408,touchnew,B073TW8QHV,S
104408,touchnew,B01MS46KVT,S
104543,toy story 4,B07L8YMFH8,C
104543,toy story 4,B07LD6LTG9,E
104543,toy story 4,B07MDL3N1Z,E
104543,toy story 4,B07MLTG746,E
104543,toy story 4,B07NC732ZW,C
104543,toy story 4,B07NQ8WTJ3,C
104543,toy story 4,B07PM948M1,E
104543,toy story 4,B07PNQ9QVR,E
104543,toy story 4,B07PPCFRBP,E
104543,toy story 4,B07QQHPGV6,E
104543,toy story 4,B07QF62ZC3,S
104543,toy story 4,B07JWQQ5JB,E
104543,toy story 4,B07Y9436S4,S
104543,toy story 4,B07RCC5J1V,S
104543,toy story 4,B07RY34DJR,S
104543,toy story 4,B07T86S72Q,E
104543,toy story 4,B07TDBMJX3,E
104543,toy story 4,B07WTR666B,E
104543,toy story 4,B07PWMMB9B,S
104543,toy story 4,B07JP4LPZ9,E
104543,toy story 4,B0094KT68O,S
104543,toy story 4,B07JLZPS6M,E
104543,toy story 4,1503743543,E
104543,toy story 4,B0049J0DC8,S
104543,toy story 4,B0049J3QNG,S
104543,toy story 4,B005ZMTAXQ,S
104543,toy story 4,B07JMXW2YZ,E
104543,toy story 4,B0094KT9Y0,S
104543,toy story 4,B0094KTAEY,S
104543,toy story 4,B00MNMN7NA,S
104543,toy story 4,B005ZMUTZ4,S
104543,toy story 4,B07FFWFKYD,E
104543,toy story 4,B07FWC72JV,C
104543,toy story 4,B07FWKMKK1,E
104543,toy story 4,B07FWMFZ56,E
104543,toy story 4,B07FWMJYZC,E
104543,toy story 4,B07GQ19ZJX,E
104543,toy story 4,B07GXY6JKP,S
104543,toy story 4,B07HD2HW8M,E
104543,toy story 4,B0742HFMFJ,S
104645,toys for girls 8 to 12,B085ZH5VGR,E
104645,toys for girls 8 to 12,B07Z2R7S5P,E
104645,toys for girls 8 to 12,B07TQLRGJR,S
104645,toys for girls 8 to 12,B07SXLYQ6S,S
104645,toys for girls 8 to 12,B07KQLCGSR,E
104645,toys for girls 8 to 12,B07FLB1NMS,I
104645,toys for girls 8 to 12,B07C2YPYBM,S
104645,toys for girls 8 to 12,B077BJGXKX,E
104645,toys for girls 8 to 12,B073X3BK28,I
104645,toys for girls 8 to 12,B071YCHDX1,I
104645,toys for girls 8 to 12,B071JF77G6,S
104645,toys for girls 8 to 12,B01LWI35IL,I
104645,toys for girls 8 to 12,B01D2TC31Y,I
104645,toys for girls 8 to 12,B012C0PFCS,I
104645,toys for girls 8 to 12,B004AHMCMI,S
104645,toys for girls 8 to 12,B003HE3DJQ,E
104698,track phone flip,B07GC47SZT,E
104698,track phone flip,B07TSBL7FS,S
104698,track phone flip,B07RB2K1MF,S
104698,track phone flip,B07NS7YDKS,S
104698,track phone flip,B07MDK416V,S
104698,track phone flip,B07GC6FXZ2,S
104698,track phone flip,B07GC4PL94,E
104698,track phone flip,B07GBRB55Z,E
104698,track phone flip,B07FKHZVFP,S
104698,track phone flip,B07FKJ28K8,E
104698,track phone flip,B07BHHHT7Z,S
104698,track phone flip,B074HY3LRB,E
104698,track phone flip,B01N7RK2HZ,E
104698,track phone flip,B01JB4NP6Q,S
104698,track phone flip,B00ZEX9NGU,E
104698,track phone flip,B009LRNT1A,E
104947,trauma gloves,B01HGSLB6K,I
104947,trauma gloves,B07MG5JN2P,E
104947,trauma gloves,B07H42Y8MS,S
104947,trauma gloves,B07D7HT8SQ,S
104947,trauma gloves,B07CG9HFSF,I
104947,trauma gloves,B07983LDH4,I
104947,trauma gloves,B01N4E2XYB,I
104947,trauma gloves,B00KJ73614,E
104947,trauma gloves,B0046DDU18,E
104947,trauma gloves,B00IRVISWG,E
104947,trauma gloves,B00C8SOG3E,E
104947,trauma gloves,B007ZU8EAG,E
104947,trauma gloves,B003DQXMJO,E
104947,trauma gloves,B000WHPVC8,E
104947,trauma gloves,B000069EYA,I
104947,trauma gloves,B00ITFBANY,I
105000,travel guitar,B075VTWHYG,C
105000,travel guitar,B07RT68X8F,E
105000,travel guitar,B07NC8VD4K,E
105000,travel guitar,B07RYM3ZMC,E
105000,travel guitar,B07MRCW7BT,E
105000,travel guitar,B07K7J4CMY,E
105000,travel guitar,B07JZ1HBG1,E
105000,travel guitar,B07JNGS1SG,E
105000,travel guitar,B07GT85S2B,E
105000,travel guitar,B074W6ZNNJ,E
105000,travel guitar,B001R2O0BK,E
105000,travel guitar,B074W5SB2Q,E
105000,travel guitar,B01B8IRSHU,E
105000,travel guitar,B00DYIIQ0Q,S
105000,travel guitar,B006Z9UX2K,E
105000,travel guitar,B005F25DUU,E
105000,travel guitar,B004PJG5SS,E
105000,travel guitar,B000RVYMWE,S
105000,travel guitar,B00064TZYW,E
105000,travel guitar,B074W6R7ML,E
106108,twine needle,B08GHLX11H,S
106108,twine needle,B08FHW6QYW,S
106108,twine needle,B08BZ5PVYV,S
106108,twine needle,B08BYK1B3Y,E
106108,twine needle,B087BZR551,E
106108,twine needle,B0833YY9KV,E
106108,twine needle,B08245XDCS,E
106108,twine needle,B07VN8GK9F,S
106108,twine needle,B07SSQX7VH,E
106108,twine needle,B07NF9QSM2,S
106108,twine needle,B07G6T9Z6V,S
106108,twine needle,B01LXNZO3O,E
106108,twine needle,B00KYYQKBA,S
106108,twine needle,B00DKA34VE,S
106108,twine needle,B000PSDJ8M,S
106108,twine needle,B07PNKKC4L,S
106202,tye dye shirts for men,B01M2TTZ8I,E
106202,tye dye shirts for men,B07S8KR4CB,E
106202,tye dye shirts for men,B07M61L7WW,I
106202,tye dye shirts for men,B079BWCN22,S
106202,tye dye shirts for men,B083BGXRTD,E
106202,tye dye shirts for men,B074P96D59,E
106202,tye dye shirts for men,B06XJT6VCD,E
106202,tye dye shirts for men,B017MTIGK2,E
106202,tye dye shirts for men,B0096L3BL4,E
106202,tye dye shirts for men,B00W6EQ1AQ,E
106202,tye dye shirts for men,B00IS5BSKK,S
106202,tye dye shirts for men,B00I77DREO,E
106202,tye dye shirts for men,B008LNW6D2,E
106202,tye dye shirts for men,B001M9HSU8,E
106202,tye dye shirts for men,B001EWULTI,S
106202,tye dye shirts for men,B0159ZVL7Q,E
106482,ultraboost laces white,B07N17HJG7,E
106482,ultraboost laces white,B07KTD2YNR,I
106482,ultraboost laces white,B07NVRQWBY,E
106482,ultraboost laces white,B07FN6TBHL,E
106482,ultraboost laces white,B07RLXXQXG,I
106482,ultraboost laces white,B07THCTX8M,I
106482,ultraboost laces white,B07RL5TQ38,I
106482,ultraboost laces white,B07D9NVG9S,I
106482,ultraboost laces white,B06ZYRWHWK,E
106482,ultraboost laces white,B07D9F1841,I
106482,ultraboost laces white,B07D7XLFBC,I
106482,ultraboost laces white,B0789VZ1V9,E
106482,ultraboost laces white,B075864VSK,E
106482,ultraboost laces white,B071HTRL74,I
106482,ultraboost laces white,B07D9KZBDQ,I
106482,ultraboost laces white,B01MEH3JH8,E
106510,ulysse nardin royal blue “mystery” tourbillon watch,B07S93ZKRY,S
106510,ulysse nardin royal blue “mystery” tourbillon watch,B08721M8RF,E
106510,ulysse nardin royal blue “mystery” tourbillon watch,B07VF89H6W,S
106510,ulysse nardin royal blue “mystery” tourbillon watch,B07WS7Z21C,S
106510,ulysse nardin royal blue “mystery” tourbillon watch,B07X5YSZRG,E
106510,ulysse nardin royal blue “mystery” tourbillon watch,B07X9PGYK3,S
106510,ulysse nardin royal blue “mystery” tourbillon watch,B07YL2NNDT,S
106510,ulysse nardin royal blue “mystery” tourbillon watch,B07ZFG9CRG,S
106510,ulysse nardin royal blue “mystery” tourbillon watch,B087CZS82V,S
106510,ulysse nardin royal blue “mystery” tourbillon watch,B08DV29GPB,S
106510,ulysse nardin royal blue “mystery” tourbillon watch,B08C4TN56Z,S
106510,ulysse nardin royal blue “mystery” tourbillon watch,B08DFDH2PK,S
106510,ulysse nardin royal blue “mystery” tourbillon watch,B08LBMSFFF,S
106510,ulysse nardin royal blue “mystery” tourbillon watch,B08NFD7D4L,C
106510,ulysse nardin royal blue “mystery” tourbillon watch,B08P1FCJNC,S
106510,ulysse nardin royal blue “mystery” tourbillon watch,B08T6811MB,S
106510,ulysse nardin royal blue “mystery” tourbillon watch,B092DHVRNM,S
106510,ulysse nardin royal blue “mystery” tourbillon watch,B07RHQBQTK,S
106510,ulysse nardin royal blue “mystery” tourbillon watch,B08BV48W48,S
106510,ulysse nardin royal blue “mystery” tourbillon watch,B07R3VSZBT,S
106510,ulysse nardin royal blue “mystery” tourbillon watch,B07MQDSX4D,S
106510,ulysse nardin royal blue “mystery” tourbillon watch,B07PF2FVK5,S
106510,ulysse nardin royal blue “mystery” tourbillon watch,B07QJS9QSH,S
106510,ulysse nardin royal blue “mystery” tourbillon watch,B00B8ZIR1U,S
106510,ulysse nardin royal blue “mystery” tourbillon watch,B00IFH422W,S
106510,ulysse nardin royal blue “mystery” tourbillon watch,B00N1X70S8,S
106510,ulysse nardin royal blue “mystery” tourbillon watch,B00VA0O2RQ,E
106510,ulysse nardin royal blue “mystery” tourbillon watch,B01DU8APK8,S
106510,ulysse nardin royal blue “mystery” tourbillon watch,B01N9QBMYJ,S
106510,ulysse nardin royal blue “mystery” tourbillon watch,B01NARVJ31,S
106510,ulysse nardin royal blue “mystery” tourbillon watch,B074J2SW42,S
106510,ulysse nardin royal blue “mystery” tourbillon watch,B01N4MP6IF,E
106510,ulysse nardin royal blue “mystery” tourbillon watch,B077ZX2247,E
106510,ulysse nardin royal blue “mystery” tourbillon watch,B074J8DRJJ,S
106510,ulysse nardin royal blue “mystery” tourbillon watch,B07K4D6LCD,S
106510,ulysse nardin royal blue “mystery” tourbillon watch,B07J16VQRK,S
106510,ulysse nardin royal blue “mystery” tourbillon watch,B07P7RJZ2S,S
106510,ulysse nardin royal blue “mystery” tourbillon watch,B07F846JYW,E
106510,ulysse nardin royal blue “mystery” tourbillon watch,B07C8264LR,C
106510,ulysse nardin royal blue “mystery” tourbillon watch,B07GVBCYZC,S
106848,unicorn vest for girls,B0827K2Z2K,I
106848,unicorn vest for girls,B07ZX2YF8M,E
106848,unicorn vest for girls,B07Y81J6YR,S
106848,unicorn vest for girls,B07SZQ8PYS,I
106848,unicorn vest for girls,B07RVXXX6J,S
106848,unicorn vest for girls,B07RBNM46J,E
106848,unicorn vest for girls,B07MC3NYCP,E
106848,unicorn vest for girls,B084XZY74P,I
106848,unicorn vest for girls,B07GZZD3DY,I
106848,unicorn vest for girls,B07GKN2YCB,I
106848,unicorn vest for girls,B07GFNVD8V,I
106848,unicorn vest for girls,B0797LKBBB,I
106848,unicorn vest for girls,B075GPNJXF,S
106848,unicorn vest for girls,B073X4WWFY,I
106848,unicorn vest for girls,B071WBKC1B,I
106848,unicorn vest for girls,B07JGYCJXS,I
106937,universal eye bottle mount,B07BMVQXTM,S
106937,universal eye bottle mount,B07VGVJ8MG,S
106937,universal eye bottle mount,B07TTGJCLM,E
106937,universal eye bottle mount,B07T1M8TPL,S
106937,universal eye bottle mount,B07KX36TJJ,S
106937,universal eye bottle mount,B07FC9NRRR,I
106937,universal eye bottle mount,B07CZWQYD7,S
106937,universal eye bottle mount,B078LQYYRV,E
106937,universal eye bottle mount,B01H71AZ36,I
106937,universal eye bottle mount,B072565T4D,I
106937,universal eye bottle mount,B01MEFBY7S,I
106937,universal eye bottle mount,B077NP3PZD,S
106937,universal eye bottle mount,B01EUQ7ZQG,I
106937,universal eye bottle mount,B017RPEXMG,S
106937,universal eye bottle mount,B00KQSVRF8,I
106937,universal eye bottle mount,B00724OR4M,S
107867,vanquest,B01MYF1P69,E
107867,vanquest,B07PYHWKBC,S
107867,vanquest,B07PXHD8F4,S
107867,vanquest,B07DW9VKLF,E
107867,vanquest,B076W7MDP7,E
107867,vanquest,B01NAZVFXV,E
107867,vanquest,B01N29CNLU,E
107867,vanquest,B01MUI13RC,E
107867,vanquest,B01FIS6QMO,E
107867,vanquest,B01MRD23SV,E
107867,vanquest,B01LXM3Y06,E
107867,vanquest,B01HH31ABU,S
107867,vanquest,B01FISIHGC,E
107867,vanquest,B01FISB6TW,E
107867,vanquest,B00GS78GGO,E
107867,vanquest,B01MTG4OY6,E
108240,vera bradley socks,B07KWD67L8,S
108240,vera bradley socks,B07YD49F32,I
108240,vera bradley socks,B07QP8HXNC,I
108240,vera bradley socks,B07NSN8FTM,I
108240,vera bradley socks,B07MGFH6V2,S
108240,vera bradley socks,B07LGBPHY4,I
108240,vera bradley socks,B07HSFYFJN,S
108240,vera bradley socks,B07FLP6H7F,I
108240,vera bradley socks,B075SZQN9Q,I
108240,vera bradley socks,B06ZZF149L,I
108240,vera bradley socks,B01LZL3W3A,S
108240,vera bradley socks,B01D1WN58C,S
108240,vera bradley socks,B00STVG204,S
108240,vera bradley socks,B00SOF8KFK,I
108240,vera bradley socks,B00DGR7TPS,E
108240,vera bradley socks,B07DPT2MD7,I
108290,versagel,B08FMWTFWW,E
108290,versagel,B08FMF1VFK,E
108290,versagel,B08FHY8VDM,S
108290,versagel,B08FGR465J,C
108290,versagel,B08DCN97H5,S
108290,versagel,B08B9BS7WT,E
108290,versagel,B08B83Q7JC,C
108290,versagel,B08CXDM2ZY,S
108290,versagel,B089T9PDCV,E
108290,versagel,B089S1SF1R,C
108290,versagel,B086Q5MXYD,E
108290,versagel,B086H4BW21,E
108290,versagel,B0865K5QDK,S
108290,versagel,B085733RW5,S
108290,versagel,B01H90GD6I,E
108290,versagel,B08B774X99,E
108473,vibrance super c skin serum,B07PNFRT7X,S
108473,vibrance super c skin serum,B07H7TT4JV,S
108473,vibrance super c skin serum,B07GVCVYB9,S
108473,vibrance super c skin serum,B07BWRF7XN,E
108473,vibrance super c skin serum,B07B26MBH1,S
108473,vibrance super c skin serum,B0796XQBCD,S
108473,vibrance super c skin serum,B0784XB68B,S
108473,vibrance super c skin serum,B07PNCCLD2,S
108473,vibrance super c skin serum,B01KMSTCWG,S
108473,vibrance super c skin serum,B01EKUBU5Y,S
108473,vibrance super c skin serum,B01BT02Q88,S
108473,vibrance super c skin serum,B016MDQ6B0,S
108473,vibrance super c skin serum,B00KOUALMS,S
108473,vibrance super c skin serum,B00IDWP4IA,S
108473,vibrance super c skin serum,B00G052NFE,S
108473,vibrance super c skin serum,B01NB28F0D,S
108759,vintage outfits for women,B076WQZXYG,S
108759,vintage outfits for women,B07WZSSXDT,E
108759,vintage outfits for women,B07TB6RNNB,S
108759,vintage outfits for women,B07R5X8NPM,S
108759,vintage outfits for women,B07D2XGYNZ,S
108759,vintage outfits for women,B07BJZN2PC,S
108759,vintage outfits for women,B07BFP4XTS,S
108759,vintage outfits for women,B079R2KMGJ,S
108759,vintage outfits for women,B071Z6KPZM,S
108759,vintage outfits for women,B073P7LQC8,S
108759,vintage outfits for women,B01NBK2DT0,S
108759,vintage outfits for women,B01MUBCX9H,S
108759,vintage outfits for women,B01M8FBQJH,I
108759,vintage outfits for women,B01GP02YIY,I
108759,vintage outfits for women,B016RB6DTM,S
108759,vintage outfits for women,B079L4X17F,S
109106,volcom bathing suit kids,B083GS336D,E
109106,volcom bathing suit kids,B07Y8M3N9J,E
109106,volcom bathing suit kids,B07V1WM1H7,E
109106,volcom bathing suit kids,B07MTVD8R6,I
109106,volcom bathing suit kids,B07JVPVL8G,I
109106,volcom bathing suit kids,B07JDL5QP1,E
109106,volcom bathing suit kids,B07JCJH6GK,I
109106,volcom bathing suit kids,B07JCJL686,I
109106,volcom bathing suit kids,B07CBMGVH6,I
109106,volcom bathing suit kids,B0781VVZZ8,E
109106,volcom bathing suit kids,B0754ZNP29,E
109106,volcom bathing suit kids,B072PW1FXL,I
109106,volcom bathing suit kids,B071P9S632,I
109106,volcom bathing suit kids,B01NCM9XJF,E
109106,volcom bathing suit kids,B01MZGM6WC,E
109106,volcom bathing suit kids,B07CBQ61L5,I
110910,whispers greatest hits,B00AWCX4X6,E
110910,whispers greatest hits,B07PWJ6GND,I
110910,whispers greatest hits,B07B6GMZ1D,I
110910,whispers greatest hits,B075P1NH6Z,I
110910,whispers greatest hits,B01LXSOTIG,I
110910,whispers greatest hits,B00J7Y2EEA,I
110910,whispers greatest hits,B00AW6KPUC,I
110910,whispers greatest hits,B07982BVNW,E
110910,whispers greatest hits,B008FJM5ZQ,I
110910,whispers greatest hits,B0075FLTV2,I
110910,whispers greatest hits,B003HJ61P4,I
110910,whispers greatest hits,B001B1CBTK,I
110910,whispers greatest hits,B001AXME2S,I
110910,whispers greatest hits,B008S6RJ6G,I
110910,whispers greatest hits,B00136LU18,I
110910,whispers greatest hits,B000TDBL5G,E
111778,wind up clocks without battery,B07SM7458R,S
111778,wind up clocks without battery,B07SN8L799,S
111778,wind up clocks without battery,B07T9N7BMZ,E
111778,wind up clocks without battery,B07WK2CZR8,I
111778,wind up clocks without battery,B07Y34MCJQ,E
111778,wind up clocks without battery,B07YTFWBVW,I
111778,wind up clocks without battery,B07ZQ4J239,I
111778,wind up clocks without battery,B085TM82JV,S
111778,wind up clocks without battery,B088D6WNSC,E
111778,wind up clocks without battery,B08D97MH85,S
111778,wind up clocks without battery,B08JYG86PT,S
111778,wind up clocks without battery,B08QCWCM6V,I
111778,wind up clocks without battery,B08YK4HVF5,E
111778,wind up clocks without battery,B0922GJCJ1,I
111778,wind up clocks without battery,B092ZL74VX,S
111778,wind up clocks without battery,B095YGM3WM,E
111778,wind up clocks without battery,B07RGVKDJY,E
111778,wind up clocks without battery,B09B1876ZH,S
111778,wind up clocks without battery,B08HCJZRH2,I
111778,wind up clocks without battery,B08M5VG7XH,S
111778,wind up clocks without battery,B07NKFVQ9Z,S
111778,wind up clocks without battery,B07K2PJMLQ,S
111778,wind up clocks without battery,B07KGMZT4M,I
111778,wind up clocks without battery,B000VPCCJ6,E
111778,wind up clocks without battery,B001949R5U,S
111778,wind up clocks without battery,B0019713EK,E
111778,wind up clocks without battery,B001JMVLKG,E
111778,wind up clocks without battery,B0093KIVFE,E
111778,wind up clocks without battery,B00ZQG30AK,S
111778,wind up clocks without battery,B01E1DTVEM,E
111778,wind up clocks without battery,B001JT7AD6,S
111778,wind up clocks without battery,B01LT790WQ,E
111778,wind up clocks without battery,B01IAXYPE0,I
111778,wind up clocks without battery,B07DJ2VFGP,S
111778,wind up clocks without battery,B076LK98SK,I
111778,wind up clocks without battery,B072QDD4CS,E
111778,wind up clocks without battery,B07HRXC529,S
111778,wind up clocks without battery,B06XR712K7,S
111778,wind up clocks without battery,B01MQ14X03,I
111778,wind up clocks without battery,B071NJBX65,S
112269,wisdom of your cells,B01H3055T0,E
112269,wisdom of your cells,B07C4HW7T3,E
112269,wisdom of your cells,B079DN2GLD,E
112269,wisdom of your cells,B01HHO0QSC,E
112269,wisdom of your cells,B0167DAE9U,E
112269,wisdom of your cells,B003EI2EH2,E
112269,wisdom of your cells,B00A9USCLK,E
112269,wisdom of your cells,B000WJOWLM,E
112269,wisdom of your cells,B000OYEWCE,S
112269,wisdom of your cells,B000I2JFW4,E
112269,wisdom of your cells,B011AE5OY6,S
112301,witcher 3 switch,B082T93PZP,I
112301,witcher 3 switch,B07ZK2VV99,I
112301,witcher 3 switch,B07XHY6RLK,I
112301,witcher 3 switch,B07WX2J5K2,E
112301,witcher 3 switch,B07VHKWQ26,I
112301,witcher 3 switch,B07SZJQM7P,E
112301,witcher 3 switch,B07SRDJBT9,I
112301,witcher 3 switch,B07SR1BRN5,I
112301,witcher 3 switch,B07SG15148,I
112301,witcher 3 switch,B07SH3D6HT,E
112301,witcher 3 switch,B07DJWBYKP,I
112301,witcher 3 switch,B0714D8NJJ,S
112301,witcher 3 switch,B01K6010FM,E
112301,witcher 3 switch,B012DHBZ2Y,C
112301,witcher 3 switch,B00ZS80PC2,I
112301,witcher 3 switch,B07SK4W1VJ,I
112686,women watch with metal strap,B083R64PTC,S
112686,women watch with metal strap,B083R5WTGG,E
112686,women watch with metal strap,B07Z46N27V,S
112686,women watch with metal strap,B07Z46B1FB,S
112686,women watch with metal strap,B07RX3MFKV,S
112686,women watch with metal strap,B07PV9XLBW,E
112686,women watch with metal strap,B07J4RH539,S
112686,women watch with metal strap,B079HWW5FX,S
112686,women watch with metal strap,B079DBW2H1,S
112686,women watch with metal strap,B072KMX19N,S
112686,women watch with metal strap,B009LSKPYI,E
112686,women watch with metal strap,B004VR9HP2,S
112686,women watch with metal strap,B07FF9TLMT,S
113169,womens prime wardrobe,B0992217Y3,E
113169,womens prime wardrobe,B07KMT5LSK,S
113169,womens prime wardrobe,B07L923XZK,E
113169,womens prime wardrobe,B07PHHBBHZ,S
113169,womens prime wardrobe,B07PVQN323,I
113169,womens prime wardrobe,B07QB4PRM6,E
113169,womens prime wardrobe,B07R4QC6FJ,S
113169,womens prime wardrobe,B08DTJDSB2,E
113169,womens prime wardrobe,B07VCQ4J6B,E
113169,womens prime wardrobe,B08DCRJB2W,E
113169,womens prime wardrobe,B08P4SLHGF,E
113169,womens prime wardrobe,B08QD7Q78R,E
113169,womens prime wardrobe,B093GZ7RKK,I
113169,womens prime wardrobe,B098JK1D6M,E
113169,womens prime wardrobe,B07FL38MKL,E
113169,womens prime wardrobe,B07RHXPQ58,I
113169,womens prime wardrobe,B07F26W6RW,E
113169,womens prime wardrobe,B075MPM98N,E
113169,womens prime wardrobe,B077R4H2TF,E
113169,womens prime wardrobe,B079RQ7VW3,E
113169,womens prime wardrobe,B003NX8CB0,E
113169,womens prime wardrobe,B003NX8D8W,I
113169,womens prime wardrobe,B00BCUPIAY,E
113169,womens prime wardrobe,B00J0EXHA2,C
113169,womens prime wardrobe,B00KGVVZJI,E
113169,womens prime wardrobe,B00R54XP9W,I
113169,womens prime wardrobe,B00K369LPG,C
113169,womens prime wardrobe,B015R977OK,E
113169,womens prime wardrobe,B016YKKHXO,E
113169,womens prime wardrobe,B01N0Z6KVO,E
113169,womens prime wardrobe,B06VT9N1RN,E
113169,womens prime wardrobe,B06XS32Q3J,I
113169,womens prime wardrobe,B06XS9LPM4,I
113169,womens prime wardrobe,B00RTV1GRO,I
113761,wool t shirt,B07WVYMY7Y,E
113761,wool t shirt,B07WSPDX89,E
113761,wool t shirt,B07PJCLCP3,E
113761,wool t shirt,B07MTR19QT,E
113761,wool t shirt,B07MTMXPK6,S
113761,wool t shirt,B07MBHKJ6F,E
113761,wool t shirt,B07FKQ26NB,E
113761,wool t shirt,B07BKVN6SW,E
113761,wool t shirt,B0793CJB5Z,S
113761,wool t shirt,B074XY2L3W,S
113761,wool t shirt,B01GKCWM8E,E
113761,wool t shirt,B00UWHJFD4,E
113761,wool t shirt,B00T7Z82ZO,E
113761,wool t shirt,B00OG0G4AU,E
113761,wool t shirt,B006TCKM4C,E
113761,wool t shirt,B078KP6VDZ,E
113903,workstation with chair,B08DVFKB7M,C
113903,workstation with chair,B08HMHPM1N,E
113903,workstation with chair,B08J3L6C2B,E
113903,workstation with chair,B08L566TWJ,E
113903,workstation with chair,B08MBD8573,C
113903,workstation with chair,B08R21DXH1,I
113903,workstation with chair,B08TX6HMWT,E
113903,workstation with chair,B08XMDH3VT,E
113903,workstation with chair,B083BF9VGC,E
113903,workstation with chair,B0948Q15QQ,E
113903,workstation with chair,B098BCFTQ1,S
113903,workstation with chair,B08CKGQ26Y,S
113903,workstation with chair,B098SCKX8H,S
113903,workstation with chair,B099564CRQ,E
113903,workstation with chair,B09BW2JP3V,E
113903,workstation with chair,B09C64WSYT,S
113903,workstation with chair,B09DPZSFNF,E
113903,workstation with chair,B09H7C13VR,S
113903,workstation with chair,B092D5JLLZ,E
113903,workstation with chair,B098QQ9SXF,E
113903,workstation with chair,B07Y8JFMCX,E
113903,workstation with chair,B082F16M4P,I
113903,workstation with chair,B001PMCA1E,C
113903,workstation with chair,B0033UBNW8,I
113903,workstation with chair,B00MXTVY7O,E
113903,workstation with chair,B017J3PE6K,E
113903,workstation with chair,B08B3G4YFT,E
113903,workstation with chair,B01K7AOSQE,S
113903,workstation with chair,B01MZ5AX1S,S
113903,workstation with chair,B075JYG2TB,C
113903,workstation with chair,B01HBAJX86,E
113903,workstation with chair,B07GVC7ZT1,I
113903,workstation with chair,B07JFP8JJS,E
113903,workstation with chair,B07MM42LFC,C
113903,workstation with chair,B07WC1VYHG,E
113903,workstation with chair,B07WMFNJGZ,E
113903,workstation with chair,B0819WHT3W,E
113903,workstation with chair,B081DWJ7KZ,C
113903,workstation with chair,B081Z3XQQ7,I
113903,workstation with chair,B07BZ2N4T5,E
114250,xbox controller usb cable,B07XNX95RX,E
114250,xbox controller usb cable,B07PZXYXKM,E
114250,xbox controller usb cable,B07N4PCDN7,E
114250,xbox controller usb cable,B07M91Q88S,E
114250,xbox controller usb cable,B07JW5ZYHR,I
114250,xbox controller usb cable,B07D4FBKFN,E
114250,xbox controller usb cable,B07D12RPHX,S
114250,xbox controller usb cable,B07CTHWQ1S,E
114250,xbox controller usb cable,B075VN5726,E
114250,xbox controller usb cable,B0753175QB,E
114250,xbox controller usb cable,B01M7NW208,E
114250,xbox controller usb cable,B01LPNKGGI,S
114250,xbox controller usb cable,B01GEDOPR0,S
114250,xbox controller usb cable,B014TXLEIU,E
114250,xbox controller usb cable,B00IWLF9MS,E
114635,xxx tentacion lyrics hoodie,B0816LFVT4,S
114635,xxx tentacion lyrics hoodie,B07YWXRJK2,E
114635,xxx tentacion lyrics hoodie,B07YDRM4YR,E
114635,xxx tentacion lyrics hoodie,B07WRL811B,S
114635,xxx tentacion lyrics hoodie,B07WP95JVR,E
114635,xxx tentacion lyrics hoodie,B07W5N9TT7,I
114635,xxx tentacion lyrics hoodie,B07WJKVLV8,S
114635,xxx tentacion lyrics hoodie,B07Q19L5X5,S
114635,xxx tentacion lyrics hoodie,B07K33CDX2,S
114635,xxx tentacion lyrics hoodie,B07FNJ2GM1,S
114635,xxx tentacion lyrics hoodie,B076DNLMHM,S
114635,xxx tentacion lyrics hoodie,B075V7VG6N,S
114635,xxx tentacion lyrics hoodie,B07QF75MQS,S
114962,yeti lowball rambler,B07ZJS9W92,E
114962,yeti lowball rambler,B0842RYHVB,S
114962,yeti lowball rambler,B0842RYHVQ,S
114962,yeti lowball rambler,B0842S68B4,E
114962,yeti lowball rambler,B0842S75K3,S
114962,yeti lowball rambler,B086L21R9T,E
114962,yeti lowball rambler,B08D9T8YPG,E
114962,yeti lowball rambler,B08HSHNTXK,E
114962,yeti lowball rambler,B08RLSLFRN,E
114962,yeti lowball rambler,B08RLH9CQP,E
114962,yeti lowball rambler,B08RLLJ8MH,E
114962,yeti lowball rambler,B08RLYLVLR,E
114962,yeti lowball rambler,B08VF7XCZ1,S
114962,yeti lowball rambler,B08VF8X5PC,E
114962,yeti lowball rambler,B08VF9DCPC,E
114962,yeti lowball rambler,B098Z6NVX7,C
114962,yeti lowball rambler,B07VKBFDD4,S
114962,yeti lowball rambler,B08RLFYJ6S,E
114962,yeti lowball rambler,B098YSJ4RP,S
114962,yeti lowball rambler,B07VDG7BH5,C
114962,yeti lowball rambler,B07G3BX657,S
114962,yeti lowball rambler,B07PMRS2LB,C
114962,yeti lowball rambler,B00PLY7D7I,E
114962,yeti lowball rambler,B015AI227K,E
114962,yeti lowball rambler,B0163G25GG,E
114962,yeti lowball rambler,B01JQ7E7UG,E
114962,yeti lowball rambler,B01N52GRG5,E
114962,yeti lowball rambler,B06WVKT1DF,S
114962,yeti lowball rambler,B071HTJ4Q8,S
114962,yeti lowball rambler,B071LF5VB7,S
114962,yeti lowball rambler,B01N8VT1D8,E
114962,yeti lowball rambler,B07288WC3K,E
114962,yeti lowball rambler,B073WK3JWT,S
114962,yeti lowball rambler,B074W9T3MN,E
114962,yeti lowball rambler,B075TJ7CRH,E
114962,yeti lowball rambler,B07BMBM6ST,E
114962,yeti lowball rambler,B07BMDSS3L,S
114962,yeti lowball rambler,B07FMBSC3W,E
114962,yeti lowball rambler,B072884LGL,S
114962,yeti lowball rambler,B07FPV7P83,S
115695,zigbee outlet,B07SQGG8Z7,S
115695,zigbee outlet,B0842BDN9R,E
115695,zigbee outlet,B07SSWD5MH,E
115695,zigbee outlet,B07PNQX2RZ,E
115695,zigbee outlet,B082PSKRSP,S
115695,zigbee outlet,B07DFPYV4K,E
115695,zigbee outlet,B01M6UM8QD,S
115695,zigbee outlet,B019G6RQCS,E
115695,zigbee outlet,B07F96JB63,E
